ticker,signal_date,month,entry,pct_from_high,pnl,win
CAN,2023-01-03,2023-01,1.98,0.23015873015873017,0.6717171717171717,True
COMP,2023-01-03,2023-01,2.3,0.23711340206185563,0.9173913043478263,True
CEIX,2023-01-03,2023-01,57.92,0.21064031406524977,-0.02503453038674038,False
STAA,2023-01-03,2023-01,52.23,0.18130990415335466,0.39689833429063753,True
PLL,2023-01-03,2023-01,44.63,0.2675333561409511,0.5149002912838897,True
BALY,2023-01-03,2023-01,18.56,0.24032921810699587,0.11907327586206902,True
INSW,2023-01-03,2023-01,34.26,0.18704868390402984,0.1462346760070054,True
VET,2023-01-03,2023-01,14.99,0.166031573217202,-0.007338225483655732,False
AMRS,2023-01-03,2023-01,1.46,0.34977578475336324,0.10958904109589052,True
BTBT,2023-01-03,2023-01,0.65,0.25302593659942363,1.4615384615384617,True
BB,2023-01-03,2023-01,3.37,0.3161157024793388,0.33234421364985167,True
WE,2023-01-03,2023-01,55.6,0.44881889763779526,0.29496402877697836,True
FLNG,2023-01-03,2023-01,29.2,0.15709969788519626,0.08013698630136987,True
DV,2023-01-03,2023-01,21.9,0.17374810318664638,0.24200913242009137,True
TIGR,2023-01-03,2023-01,3.3,0.4295900178253119,0.30606060606060603,True
CTKB,2023-01-03,2023-01,10.24,0.1792376317923764,0.2001953124999999,True
FRO,2023-01-03,2023-01,11.15,0.18833450456781445,0.2986547085201794,True
JDST,2023-01-03,2023-01,1442.0,0.15209988649262202,-0.13314840499306518,False
MVIS,2023-01-03,2023-01,2.43,0.17747440273037543,0.20987654320987645,True
APLT,2023-01-03,2023-01,0.8422,0.16468628539700167,0.31797672761814316,True
ANNX,2023-01-03,2023-01,4.93,0.16695652173913042,0.4604462474645032,True
IMNM,2023-01-03,2023-01,3.16,0.2723214285714287,0.6645569620253163,True
DATS,2023-01-03,2023-01,2.55,0.5877049180327868,1.6078431372549022,True
ASPN,2023-01-03,2023-01,10.18,0.17077175697865354,0.03929273084479375,True
KRUS,2023-01-03,2023-01,47.68,0.26415681393901685,0.2980285234899329,True
CCRN,2023-01-03,2023-01,27.21,0.2213631156930126,0.06504961411245863,True
XERS,2023-01-03,2023-01,1.09,0.26315789473684204,0.11926605504587146,True
REAL,2023-01-03,2023-01,1.14,0.3353658536585365,0.7105263157894738,True
URTY,2023-01-03,2023-01,37.7,0.15516846206738488,0.3549071618037134,True
FATE,2023-01-03,2023-01,10.42,0.5014705882352941,-0.38867562380038384,False
OSTK,2023-01-03,2023-01,18.23,0.26250000000000007,0.33735600658255616,True
LAC,2023-01-03,2023-01,17.78,0.26230864708316104,0.38920134983127097,True
BITF,2023-01-03,2023-01,0.4401,0.20981481481481482,1.5221540558963875,True
MGNI,2023-01-03,2023-01,10.2,0.1606086221470837,0.19019607843137268,True
BKD,2023-01-03,2023-01,2.79,0.17664670658682632,0.04301075268817208,True
PHAT,2023-01-04,2023-01,8.18,0.31109257714762306,0.46699266503667486,True
CACC,2023-01-04,2023-01,398.11,0.1525989709125275,0.3789907312049433,True
GERN,2023-01-05,2023-01,2.605,0.2225705329153605,0.23608445297504807,True
CVLT,2023-01-11,2023-01,55.16,0.15573146597655652,0.16424945612762876,True
LOGI,2023-01-12,2023-01,54.07,0.1685986793837125,0.05529868688736826,True
PLXS,2023-01-26,2023-01,94.0,0.1811916601238768,0.022872340425531976,True
SARK,2023-02-01,2023-02,115.38,0.2697920466982853,0.08892355694227774,True
TSHA,2023-02-01,2023-02,1.21,0.47391304347826085,-0.12396694214876026,False
GPOR,2023-02-01,2023-02,64.5,0.2212956248489242,0.21193798449612405,True
HA,2023-02-01,2023-02,11.215,0.17228464419475648,-0.0013374944271066045,False
BKKT,2023-02-01,2023-02,42.5,0.41007194244604317,-0.2,False
CLFD,2023-02-01,2023-02,72.06,0.284689236988378,-0.14543436025534281,False
GOOS,2023-02-02,2023-02,18.85,0.23691683569979716,0.029708222811671018,True
TWM,2023-02-02,2023-02,65.45,0.23536439665471925,0.05118411000763933,True
TWST,2023-02-03,2023-02,25.93,0.18090614886731393,-0.27342846124180487,False
EOLS,2023-02-06,2023-02,9.39,0.16289592760181001,-0.023429179978700813,False
CMP,2023-02-08,2023-02,39.0,0.1824664429530202,-0.0669230769230769,False
ULCC,2023-02-09,2023-02,11.42,0.1584302325581395,-0.06654991243432573,False
FWRD,2023-02-09,2023-02,97.48,0.15257321088199619,0.08063192449733278,True
GEO,2023-02-14,2023-02,10.0,0.1848534201954397,-0.209,False
UFPI,2023-02-21,2023-02,84.16,0.16915726339331097,-0.08460076045627365,False
DFIN,2023-02-21,2023-02,39.88,0.21245494593512215,-0.04789368104312948,False
AEL,2023-02-21,2023-02,38.99,0.18529350323793603,-0.09233136701718392,False
ZIP,2023-02-22,2023-02,17.99,0.24443511129777407,-0.16342412451361857,False
TWKS,2023-02-23,2023-02,9.36,0.15506607929515417,-0.24145299145299146,False
TGNA,2023-02-27,2023-02,17.65,0.18910256410256407,-0.0991501416430594,False
WB,2023-02-28,2023-02,21.34,0.18710691823899375,-0.08247422680412378,False
VERV,2023-03-02,2023-03,20.9,0.1603498542274053,-0.31004784688995213,False
MDRX,2023-03-02,2023-03,14.48,0.19461581604038133,-0.09875690607734805,False
EBR,2023-03-02,2023-03,6.43,0.164935064935065,0.031104199066874057,True
IBRX,2023-03-02,2023-03,2.04,0.5438202247191012,-0.10784313725490195,False
SMMT,2023-03-02,2023-03,1.9,0.49742268041237114,-0.07894736842105259,False
CDE,2023-03-02,2023-03,3.2,0.19230769230769232,0.246875,True
RYTM,2023-03-02,2023-03,22.6,0.17575347104639352,-0.21061946902654874,False
GFAI,2023-03-02,2023-03,7.15,0.6861177884615385,-0.00979020979020983,False
PCT,2023-03-02,2023-03,5.65,0.36425339366515835,0.23893805309734506,True
EGLE,2023-03-03,2023-03,55.32,0.15846247341233657,-0.18709327548806945,False
ALHC,2023-03-03,2023-03,7.6,0.3476394849785408,-0.1092105263157895,False
ALT,2023-03-03,2023-03,11.46,0.23900196979645438,-0.6143106457242583,False
ESPR,2023-03-06,2023-03,5.12,0.20204402515723272,-0.732421875,False
ALLO,2023-03-06,2023-03,5.95,0.22927461139896368,-0.18319327731092433,False
HPP,2023-03-06,2023-03,64.4,0.15087396504139838,-0.3010869565217392,False
GDS,2023-03-06,2023-03,19.02,0.22811881188118818,-0.06414300736067292,False
SAVE,2023-03-06,2023-03,16.59,0.1778894472361809,0.05364677516576254,True
OCGN,2023-03-07,2023-03,0.97,0.22161290322580648,-0.2137113402061855,False
AVDX,2023-03-07,2023-03,9.12,0.18588025022341378,-0.16885964912280693,False
ZUMZ,2023-03-07,2023-03,22.74,0.15073115860517447,-0.1948109058927001,False
LFST,2023-03-07,2023-03,5.55,0.1565836298932384,0.40540540540540543,True
SEMR,2023-03-07,2023-03,8.24,0.17846460618145557,0.200242718446602,True
CIM,2023-03-07,2023-03,18.45,0.153103448275862,-0.08943089430894302,False
SNDL,2023-03-07,2023-03,1.74,0.23451327433628313,-0.14942528735632185,False
CRBU,2023-03-08,2023-03,5.89,0.16500711237553345,-0.10186757215619689,False
UNIT,2023-03-08,2023-03,4.49,0.2678571428571429,-0.2939866369710468,False
RIDE,2023-03-08,2023-03,13.8,0.3413768115942029,-0.3565217391304348,False
ROOT,2023-03-08,2023-03,4.51,0.3367496339677891,-0.03991130820399107,False
NNOX,2023-03-08,2023-03,6.5,0.20638540478905357,-0.10769230769230773,False
CUK,2023-03-10,2023-03,8.57,0.19836214740673336,0.042007001166861076,True
UNFI,2023-03-10,2023-03,26.53,0.35543149569667365,-0.00452318130418398,False
VBTX,2023-03-10,2023-03,22.12,0.2219503670045438,-0.18173598553345385,False
NCR,2023-03-10,2023-03,22.09,0.17668488160291432,0.033952014486192846,True
TTI,2023-03-10,2023-03,3.06,0.19298245614035087,-0.003267973856209226,False
STC,2023-03-10,2023-03,38.65,0.15232782664664238,0.01966364812419141,True
PSFE,2023-03-10,2023-03,18.65,0.18691588785046723,-0.15656836461125997,False
AX,2023-03-10,2023-03,36.09,0.25158982511923694,0.031310612357993775,True
REM,2023-03-10,2023-03,21.32,0.1530011769321302,0.005628517823639822,True
CWH,2023-03-10,2023-03,20.92,0.15340253748558252,-0.020076481835564132,False
LOB,2023-03-10,2023-03,26.51,0.22228275674203216,-0.08374198415692201,False
BKU,2023-03-10,2023-03,26.025,0.24360630328080599,-0.1692603266090297,False
PTLO,2023-03-10,2023-03,18.77,0.2020033388981636,0.09163558870538087,True
ARI,2023-03-10,2023-03,9.94,0.15873015873015875,-0.1026156941649899,False
GDOT,2023-03-10,2023-03,15.37,0.16874350986500516,0.06766428106701372,True
ADMA,2023-03-10,2023-03,3.03,0.15573770491803285,0.08910891089108912,True
NEXT,2023-03-10,2023-03,5.81,0.19448275862068967,-0.13769363166953527,False
EFC,2023-03-10,2023-03,11.25,0.1624180626365623,0.08977777777777776,True
REPL,2023-03-10,2023-03,18.79,0.25190533493782596,-0.12932410856838744,False
APAM,2023-03-10,2023-03,29.5,0.1666666666666667,0.10101694915254227,True
OM,2023-03-10,2023-03,303.6,0.2829660720531655,-0.12178853754940717,False
BDN,2023-03-10,2023-03,5.14,0.2205663189269746,-0.1653696498054474,False
BLND,2023-03-10,2023-03,1.37,0.2878787878787879,-0.3779562043795621,False
TPG,2023-03-10,2023-03,28.16,0.16925734024179626,0.0024857954545454645,True
NWS,2023-03-13,2023-03,16.03,0.1842650103519669,0.10542732376793497,True
QFIN,2023-03-13,2023-03,17.01,0.22272727272727266,0.15285126396237494,True
PPBI,2023-03-13,2023-03,28.13,0.2592592592592593,-0.1759687166725915,False
OFIX,2023-03-13,2023-03,17.35,0.22135296824666353,0.02420749279538894,True
AMPL,2023-03-13,2023-03,12.28,0.28614097968936675,-0.07736156351791526,False
PRO,2023-03-13,2023-03,25.2,0.15762362637362637,0.055158730158730185,True
IBTX,2023-03-15,2023-03,47.42,0.23021467478372323,-0.07739350485027417,False
CVBF,2023-03-15,2023-03,18.56,0.22824302134646957,-0.1314655172413792,False
MOR,2023-03-15,2023-03,3.81,0.250501002004008,0.3517060367454069,True
TMST,2023-03-16,2023-03,16.32,0.166751140395337,0.10171568627450982,True
CLB,2023-03-16,2023-03,19.82,0.23879472693032014,0.1382441977800201,True
NN,2023-03-16,2023-03,2.13,0.2680412371134021,-0.05164319248826286,False
HELE,2023-03-17,2023-03,90.97,0.2224126113776559,-0.06188853468176317,False
FRCpN,2023-03-17,2023-03,8.0,0.5749202975557918,-0.26749999999999996,False
JPC,2023-03-17,2023-03,6.35,0.15251989389920428,0.01102362204724414,True
FRG,2023-03-17,2023-03,25.57,0.2431803060545575,0.09855299178725066,True
MOMO,2023-03-17,2023-03,7.85,0.16649104320337196,0.1719745222929936,True
FRCpM,2023-03-17,2023-03,8.51,0.48020654044750427,-0.32784958871915393,False
KRNT,2023-03-17,2023-03,18.61,0.1535307517084283,-0.003761418592154771,False
BHLB,2023-03-22,2023-03,25.07,0.1543669600541638,-0.07818109293976869,False
EWTX,2023-03-22,2023-03,6.89,0.29089026915113875,0.010159651669085673,True
SLM,2023-03-22,2023-03,12.04,0.1701244813278009,0.2117940199335549,True
IAT,2023-03-22,2023-03,34.77,0.32074729596853496,0.02847282139775654,True
SITC,2023-03-22,2023-03,46.2,0.15135929463629674,0.03809523809523805,True
BNKU,2023-03-22,2023-03,15.55,0.5291146091741464,0.12347266881028926,True
HCC,2023-03-23,2023-03,33.08,0.21394910461828462,0.10368802902055622,True
FRME,2023-03-23,2023-03,32.61,0.19732034104750293,-0.07267709291628338,False
TCBI,2023-03-23,2023-03,48.05,0.2662668665667167,0.07929240374609786,True
CNS,2023-03-27,2023-03,60.98,0.1539524599226092,-0.013775008199409583,False
NKTX,2023-03-31,2023-03,3.55,0.20224719101123603,0.45633802816901414,True
CANO,2023-03-31,2023-03,110.0,0.4484848484848485,-0.05454545454545454,False
SCO,2023-03-31,2023-03,91.8,0.20315955766192734,0.0862745098039216,True
TH,2023-03-31,2023-03,13.16,0.24090121317157703,-0.05319148936170207,False
TSHA,2023-03-31,2023-03,0.84,0.24038095238095245,-0.15476190476190477,False
AEHR,2023-03-31,2023-03,30.65,0.2182459677419355,-0.15334420880913538,False
TNGX,2023-03-31,2023-03,4.09,0.23449612403100775,-0.18581907090464544,False
FSR,2023-04-04,2023-04,5.75,0.17496443812233292,-0.029565217391304334,False
EBIX,2023-04-05,2023-04,12.06,0.2854588796185936,0.3192371475953565,True
SPCE,2023-04-05,2023-04,62.8,0.37450980392156863,0.1019108280254778,True
CDLX,2023-04-05,2023-04,4.84,0.2243589743589744,0.7128099173553718,True
UNIT,2023-04-10,2023-04,3.16,0.27419354838709675,0.20253164556962014,True
DYN,2023-04-10,2023-04,8.76,0.3466666666666666,0.6301369863013698,True
MSGE,2023-04-21,2023-04,30.22,0.4893722194760257,0.26538716082064867,True
FGEN,2023-04-24,2023-04,421.0,0.17969888295288974,0.0332541567695962,True
TENB,2023-04-25,2023-04,37.02,0.2273205640917701,0.038627768773635864,True
SITM,2023-04-25,2023-04,111.79,0.2249876959853757,-0.18078540119867614,False
EC,2023-04-25,2023-04,9.85,0.15780445969125212,-0.03248730964467008,False
INDB,2023-05-01,2023-05,54.27,0.16472778036295949,-0.1630735212824765,False
NRGU,2023-05-01,2023-05,376.0,0.15719453672942038,-0.19646276595744683,False
SHLS,2023-05-02,2023-05,18.25,0.2164018892228424,0.2871232876712328,True
CHGG,2023-05-02,2023-05,9.62,0.5118279569892473,-0.0665280665280664,False
DK,2023-05-02,2023-05,20.26,0.17819790828640386,0.08687068114511341,True
PSO,2023-05-02,2023-05,10.22,0.15217391304347824,-0.03620352250489246,False
IEP,2023-05-02,2023-05,39.38,0.23531640773020085,-0.42686642965972577,False
CYH,2023-05-02,2023-05,3.84,0.3990536277602523,-0.14843749999999997,False
PINC,2023-05-02,2023-05,26.004,0.1930559712660879,-0.03860944470081531,False
PBI,2023-05-03,2023-05,3.29,0.158974358974359,0.024316109422492422,True
SPWR,2023-05-03,2023-05,12.12,0.1818801089918256,-0.09900990099009896,False
TWST,2023-05-03,2023-05,12.26,0.1659863945578231,0.305872756933116,True
GDS,2023-05-03,2023-05,14.12,0.23480200780814273,-0.2677053824362606,False
CGC,2023-05-03,2023-05,12.1,0.24375000000000002,-0.30999999999999994,False
GTN,2023-05-03,2023-05,7.31,0.15063731170336045,-0.05335157318741446,False
FVRR,2023-05-03,2023-05,26.99,0.24068534131085126,-0.02185994812893664,False
STEM,2023-05-04,2023-05,88.6,0.2461832061068702,0.22573363431151244,True
AMCX,2023-05-04,2023-05,15.03,0.20927723840345194,-0.22554890219560872,False
KYMR,2023-05-04,2023-05,27.81,0.24856815578465072,-0.027328299172959297,False
DAKT,2023-05-04,2023-05,4.9,0.15517241379310337,0.30816326530612237,True
TRUP,2023-05-04,2023-05,24.0,0.18517679057116943,-0.04083333333333335,False
BL,2023-05-04,2023-05,56.0,0.1983665776660908,-0.01321428571428575,False
GBCI,2023-05-04,2023-05,29.75,0.2917495029821074,0.09949579831932776,True
BHC,2023-05-04,2023-05,5.96,0.23506493506493512,0.3808724832214766,True
SID,2023-05-04,2023-05,2.64,0.22121212121212122,-0.003787878787878875,False
CLVT,2023-05-04,2023-05,7.53,0.19047619047619044,0.06374501992031867,True
DH,2023-05-04,2023-05,9.46,0.1652613827993254,0.15433403805496818,True
AAOI,2023-05-04,2023-05,1.6,0.18695652173913033,0.41874999999999996,True
ERJ,2023-05-04,2023-05,13.31,0.18847539015606246,0.17580766341096918,True
UPWK,2023-05-04,2023-05,8.09,0.24622641509433957,0.08529048207663777,True
DADA,2023-05-04,2023-05,5.61,0.2890025575447571,-0.044563279857397504,False
QRTEA,2023-05-04,2023-05,0.7888,0.24694221847321812,0.2804259634888439,True
SKIN,2023-05-09,2023-05,10.0,0.19708029197080287,-0.08100000000000004,False
LPSN,2023-05-09,2023-05,74.25,0.19369786839666356,-0.2787878787878788,False
ABCL,2023-05-09,2023-05,5.75,0.25428194993412384,0.27130434782608687,True
CWK,2023-05-09,2023-05,7.85,0.2213197969543147,0.14394904458598737,True
INDI,2023-05-09,2023-05,8.0,0.17313746065057709,0.2337499999999999,True
PRAA,2023-05-09,2023-05,23.75,0.38746803069053715,-0.03242105263157893,False
HEES,2023-05-09,2023-05,35.49,0.18952270081490105,0.21555367709213857,True
RWT,2023-05-09,2023-05,5.86,0.15689149560117305,0.09726962457337873,True
SONO,2023-05-11,2023-05,15.94,0.25895316804407714,-0.009410288582183209,False
SABR,2023-05-11,2023-05,3.4,0.1646191646191647,-0.0205882352941176,False
RTL,2023-05-11,2023-05,4.91,0.17005076142131978,0.38085539714867617,True
HROW,2023-05-12,2023-05,22.1,0.2150997150997151,-0.08461538461538466,False
EGBN,2023-05-16,2023-05,17.11,0.46888888888888886,0.33196960841613093,True
TRIP,2023-05-16,2023-05,15.62,0.18443051201671898,0.06850192061459681,True
WVE,2023-05-17,2023-05,3.67,0.16210045662100456,0.06539509536784748,True
CRMD,2023-05-17,2023-05,4.39,0.17608286252354044,0.17767653758542148,True
DATS,2023-05-18,2023-05,3.9,0.44507281210236116,0.7692307692307694,True
TGB,2023-05-22,2023-05,1.39,0.16167664670658685,-0.014388489208632947,False
PTCT,2023-05-24,2023-05,46.76,0.20558375634517764,-0.10350727117194175,False
USPH,2023-05-24,2023-05,93.25,0.15556916615626915,0.24107238605898126,True
LLAP,2023-05-24,2023-05,1.35,0.23936170212765956,-0.007407407407407414,False
TITN,2023-05-25,2023-05,28.31,0.19419134396355345,0.022253620628753183,True
APPS,2023-05-25,2023-05,8.2,0.4296604296604296,-0.0451219512195121,False
HASI,2023-05-25,2023-05,23.0,0.19274136715997178,0.03217391304347819,True
ZLAB,2023-05-30,2023-05,32.5,0.18247011952191228,-0.18523076923076923,False
TNGX,2023-05-30,2023-05,2.79,0.3134328358208955,0.2007168458781362,True
BIG,2023-05-30,2023-05,5.39,0.3979933110367893,0.5936920222634509,True
WHD,2023-05-30,2023-05,31.97,0.15728305785123958,0.2790115733500157,True
GFAI,2023-05-30,2023-05,5.7,0.5124208725406331,-0.10350877192982454,False
ENV,2023-05-30,2023-05,52.04,0.1524955291822467,0.11452728670253653,True
TRKA,2023-05-30,2023-05,3.6975,0.39303278688524584,-0.3779580797836376,False
SRDX,2023-05-30,2023-05,18.25,0.20286707211120758,0.6520547945205478,True
APLT,2023-05-31,2023-05,1.32,0.24561403508771926,-0.007575757575757582,False
HIBB,2023-05-31,2023-05,35.83,0.3323447636700648,0.03963159363661741,True
UHAL,2023-05-31,2023-05,52.77,0.17611241217798587,0.042448360811066795,True
STKL,2023-06-01,2023-06,6.72,0.18865598027126998,-0.0044642857142856195,False
SNBR,2023-06-01,2023-06,18.54,0.2330508474576271,0.4714131607335492,True
BASE,2023-06-07,2023-06,15.93,0.2811515969410706,-0.07532956685499054,False
CERT,2023-06-07,2023-06,18.57,0.15426251691474974,-0.03446418955304257,False
DRIP,2023-06-07,2023-06,13.8,0.17791044776119405,0.03768115942028982,True
AHI,2023-06-08,2023-06,2.4944,0.47017603828405397,0.8842206542655547,True
PL,2023-06-09,2023-06,3.51,0.30408163265306126,-0.051282051282051204,False
DAVA,2023-06-09,2023-06,46.05,0.1859967931587387,0.1969598262757872,True
HIBS,2023-06-13,2023-06,385.0,0.3463497453310696,-0.13246753246753246,False
MEI,2023-06-13,2023-06,37.0,0.20285158781594298,-0.08864864864864867,False
MRSN,2023-06-15,2023-06,97.25,0.5926701570680628,-0.061696658097686374,False
ATUS,2023-06-20,2023-06,2.52,0.18241042345276876,0.28174603174603174,True
YELL,2023-06-20,2023-06,1.39,0.19101123595505623,-0.2446043165467625,False
SANA,2023-06-20,2023-06,6.02,0.17795484727755642,-0.006644518272425108,False
AAOI,2023-06-21,2023-06,4.695,0.19903846153846155,0.7294994675186366,True
PAGS,2023-06-22,2023-06,10.29,0.15016501650165004,0.028182701652089498,True
MSGE,2023-06-22,2023-06,32.7,0.1693689199301573,0.04281345565749231,True
BCRX,2023-06-22,2023-06,6.92,0.20544835414301935,0.07947976878612714,True
NSTG,2023-06-22,2023-06,4.01,0.3414634146341464,0.07481296758104734,True
FGEN,2023-06-23,2023-06,79.75,0.16362688900468994,-0.3448275862068966,False
BGNE,2023-06-23,2023-06,183.97,0.2432249894470241,0.06125998804152857,True
BTAI,2023-06-28,2023-06,138.24,0.17813953488372086,0.10069444444444435,True
TOP,2023-06-28,2023-06,5.7,0.38653637350705755,0.21754385964912284,True
LQDA,2023-06-29,2023-06,8.19,0.17676767676767677,-0.05250305250305247,False
CGC,2023-06-30,2023-06,4.011,0.5298751666464672,0.22911992021939656,True
MRVI,2023-07-05,2023-07,12.0,0.16734972677595636,0.005000000000000042,True
CLOV,2023-07-05,2023-07,0.85,0.17087378640776704,0.5882352941176472,True
TMC,2023-07-06,2023-07,2.18,0.15240083507306898,-0.4908256880733945,False
VITL,2023-07-10,2023-07,11.43,0.206415620641562,0.06561679790026247,True
TWOU,2023-07-10,2023-07,110.4,0.2238805970149253,0.16304347826086957,True
GNS,2023-07-11,2023-07,7.4,0.1730994152046784,0.013513513513513466,True
EMBC,2023-07-13,2023-07,20.49,0.22061620387980224,0.01659346022449975,True
OPRA,2023-07-14,2023-07,19.92,0.28997484728710016,-0.20632530120481932,False
PHUN,2023-07-19,2023-07,19.835,0.31228070175438594,-0.17948071590622647,False
PGY,2023-07-24,2023-07,23.4,0.15789473684210528,0.030769230769230875,True
LTH,2023-07-25,2023-07,18.88,0.15867992766726952,-0.10593220338983052,False
IRDM,2023-07-25,2023-07,50.58,0.1857694784288474,-0.04052985369711343,False
HCSG,2023-07-26,2023-07,12.51,0.1593038821954484,-0.06714628297362109,False
EEFT,2023-07-26,2023-07,94.0,0.2152206746098339,-0.0967021276595745,False
SIMO,2023-07-27,2023-07,56.52,0.29250875774723795,-0.04122434536447284,False
TNGX,2023-07-27,2023-07,2.93,0.17464788732394357,1.4197952218430034,True
EYE,2023-07-27,2023-07,19.43,0.22449799196787149,-0.05404014410705099,False
ARVN,2023-07-27,2023-07,22.36,0.16079632465543642,0.20706618962432913,True
ANNX,2023-07-28,2023-07,3.32,0.16406249999999997,-0.10240963855421684,False
SAGE,2023-07-28,2023-07,35.11,0.2862392813393221,-0.4320706351466818,False
SNBR,2023-07-28,2023-07,27.18,0.3072412034676185,-0.13649742457689482,False
SYM,2023-07-28,2023-07,46.17,0.1900921658986175,-0.1382932640242583,False
NSP,2023-08-01,2023-08,95.67,0.19891856464034083,0.05957980558168708,True
TUP,2023-08-02,2023-08,3.34,0.31784386617100374,-0.25449101796407175,False
DXC,2023-08-03,2023-08,19.15,0.3295893295893295,0.10234986945169718,True
DGII,2023-08-03,2023-08,35.59,0.16930600838379126,-0.06883956167462778,False
ECVT,2023-08-03,2023-08,10.2,0.16233766233766234,0.014705882352941213,True
STAA,2023-08-03,2023-08,47.05,0.18651066758430826,-0.08480340063761944,False
ERII,2023-08-03,2023-08,26.41,0.15158444952629863,-0.0390003786444529,False
QRTEA,2023-08-03,2023-08,0.89,0.19353448275862065,-0.11876404494382024,False
INFN,2023-08-07,2023-08,3.78,0.24902723735408558,0.16931216931216936,True
TDC,2023-08-08,2023-08,46.37,0.19735237763455843,-0.03364244123355608,False
BLFS,2023-08-08,2023-08,15.51,0.19588981198076083,-0.10831721470019341,False
OLK,2023-08-08,2023-08,15.04,0.20108161258603735,0.03656914893617026,True
MRC,2023-08-08,2023-08,9.24,0.18777292576419202,0.04329004329004333,True
MVIS,2023-08-08,2023-08,3.0,0.2606741573033708,-0.18000000000000002,False
PDFS,2023-08-09,2023-08,36.32,0.21536469572723357,-0.07846916299559475,False
TMCI,2023-08-09,2023-08,17.28,0.30679533574587864,-0.17534722222222227,False
AGTI,2023-08-09,2023-08,11.9,0.29401611047180665,-0.30924369747899155,False
SLVM,2023-08-09,2023-08,40.16,0.1634634837143435,0.00821713147410372,True
OLPX,2023-08-14,2023-08,2.63,0.3553921568627451,-0.08365019011406835,False
INDI,2023-08-18,2023-08,6.98,0.2668776371308017,-0.07306590257879665,False
RCKT,2023-08-18,2023-08,15.06,0.16509695290858728,0.5391766268260292,True
PYCR,2023-08-21,2023-08,22.88,0.15301563663440057,-0.027972027972028,False
PCT,2023-08-21,2023-08,8.6,0.16554054054054046,-0.2709302325581395,False
RGC,2023-08-22,2023-08,0.4334,0.17545691906005223,-0.1389017074296263,False
DH,2023-08-22,2023-08,10.06,0.16115702479338836,-0.227634194831014,False
ATRC,2023-08-25,2023-08,46.25,0.1962257557225231,-0.09837837837837832,False
PBW,2023-08-25,2023-08,35.54,0.1920605782469022,-0.11283061339335954,False
KULR,2023-08-28,2023-08,4.8648,0.43833333333333335,-0.31261305706298304,False
FNKO,2023-08-28,2023-08,6.48,0.20638820638820646,0.18672839506172836,True
NVTA,2023-08-28,2023-08,0.8609,0.3581060606060606,-0.2777326054129399,False
TELL,2023-09-05,2023-09,1.19,0.26451612903225813,-0.15966386554621845,False
EVGO,2023-09-05,2023-09,4.15,0.1578947368421053,-0.24096385542168683,False
APLT,2023-09-05,2023-09,1.45,0.1974522292993631,0.5344827586206897,True
SCO,2023-09-05,2023-09,69.84,0.15073170731707317,0.07560137457044674,True
WE,2023-09-05,2023-09,3.52,0.6024258760107817,-0.36079545454545453,False
PBI,2023-09-05,2023-09,3.02,0.16666666666666669,0.1456953642384106,True
JELD,2023-09-06,2023-09,13.7,0.16565533980582525,-0.054014598540145876,False
XPOF,2023-09-06,2023-09,19.01,0.1632294866169372,-0.18516570226196744,False
ASAN,2023-09-06,2023-09,18.31,0.15245827695083455,-0.1305297651556526,False
IMNM,2023-09-06,2023-09,6.13,0.17181208053691277,0.22512234910277323,True
ARQQ,2023-09-07,2023-09,18.0,0.15771929824561406,-0.16986111111111107,False
AMKR,2023-09-07,2023-09,23.11,0.19256637168141597,-0.019039376893119762,False
ABM,2023-09-07,2023-09,37.61,0.16106655105137652,0.09837809093326251,True
PAM,2023-09-07,2023-09,40.84,0.15272878190495953,-0.08080313418217444,False
LZ,2023-09-07,2023-09,9.87,0.2123015873015872,0.0770010131712261,True
YEXT,2023-09-07,2023-09,6.54,0.27942794279427946,-0.0458715596330275,False
TSVT,2023-09-11,2023-09,4.6,0.3080568720379147,-0.02391304347826075,False
FUSN,2023-09-12,2023-09,2.69,0.2123893805309735,0.36059479553903356,True
PINC,2023-09-13,2023-09,21.98,0.1564914992272025,-0.0873521383075524,False
GCT,2023-09-13,2023-09,12.33,0.31133671742808794,-0.25466342254663427,False
HARP,2023-09-14,2023-09,5.42,0.490566037735849,-0.23062730627306274,False
PSNY,2023-09-18,2023-09,77.4,0.3237597911227154,0.07751937984496124,True
EQX,2023-09-19,2023-09,4.28,0.1927480916030534,0.05841121495327103,True
FREY,2023-09-19,2023-09,5.51,0.16207951070336385,-0.2921960072595281,False
MEG,2023-09-20,2023-09,29.72,0.2339121552604698,-0.1009421265141319,False
RDW,2023-09-20,2023-09,3.16,0.22815533980582522,-0.1582278481012658,False
EVLV,2023-09-20,2023-09,5.23,0.24749642346208875,-0.2868068833652008,False
RGC,2023-09-20,2023-09,0.3732,0.2121595946801774,0.23124330117899264,True
HA,2023-09-21,2023-09,7.33,0.20414847161572053,-0.42155525238744884,False
WW,2023-09-21,2023-09,9.96,0.1783898305084746,-0.001004016064257185,False
DRN,2023-09-25,2023-09,7.02,0.21087680355160926,-0.14245014245014245,False
STVN,2023-09-25,2023-09,27.37,0.21750508868857227,0.19108512970405556,True
CANO,2023-09-25,2023-09,29.08,0.31589537223340036,-0.5821870701513068,False
RAPT,2023-09-25,2023-09,137.84,0.15792054928886703,-0.3232733604178758,False
CHEF,2023-09-26,2023-09,22.15,0.22854152128401956,-0.14537246049661395,False
CC,2023-09-26,2023-09,28.92,0.182052014861389,-0.18360995850622414,False
NEXT,2023-09-28,2023-09,5.23,0.1661341853035144,-0.16826003824091793,False
ESTA,2023-09-29,2023-09,49.07,0.17529411764705882,-0.35500305685755046,False
URTY,2023-09-29,2023-09,33.61,0.20666197513488158,-0.22642070812258255,False
BEP,2023-09-29,2023-09,21.9,0.17180952380952386,-0.006392694063926805,False
BNKU,2023-09-29,2023-09,13.47,0.15327564894932016,-0.18040089086859698,False
CUTR,2023-09-29,2023-09,6.04,0.47968885047536736,-0.4834437086092715,False
PTLO,2023-09-29,2023-09,15.35,0.1571741511500548,-0.0208469055374593,False
EBIX,2023-09-29,2023-09,9.72,0.3949785670545008,-0.39300411522633744,False
BIP,2023-10-04,2023-10,27.5,0.1609756097560975,-0.011272727272727226,False
CSIQ,2023-10-04,2023-10,21.85,0.2146446518305815,-0.03569794050343254,False
SGMO,2023-10-04,2023-10,0.54,0.4919811320754717,-0.14814814814814817,False
SHLS,2023-10-04,2023-10,15.7,0.24762335898596646,-0.021019108280254783,False
CSAN,2023-10-04,2023-10,12.57,0.17189542483660136,0.0922832140015911,True
ATEN,2023-10-04,2023-10,10.94,0.2807817589576548,-0.005484460694698238,False
VNET,2023-10-04,2023-10,2.81,0.15217391304347833,0.2135231316725979,True
CWEN.A,2023-10-04,2023-10,18.0,0.23897522049559,0.19222222222222227,True
DQ,2023-10-04,2023-10,27.41,0.19128899352560322,-0.07004742794600517,False
ERII,2023-10-04,2023-10,20.39,0.17767929089443998,-0.131436978911231,False
SGML,2023-10-05,2023-10,27.12,0.2820181112548512,-0.04461651917404133,False
BGS,2023-10-05,2023-10,7.7,0.3054806828391734,0.17012987012987008,True
BALY,2023-10-05,2023-10,10.25,0.3577235772357724,-0.09073170731707314,False
NKTR,2023-10-06,2023-10,8.0865,0.23802816901408452,-0.017250973845297606,False
AZUL,2023-10-09,2023-10,7.59,0.2216216216216216,0.15546772068511194,True
RCM,2023-10-11,2023-10,13.35,0.1722428748451054,-0.21797752808988766,False
CDNA,2023-10-11,2023-10,5.88,0.28292682926829266,0.22619047619047622,True
MCRB,2023-10-11,2023-10,33.4,0.4290540540540541,-0.39520958083832336,False
COMM,2023-10-12,2023-10,2.51,0.2788732394366197,-0.4183266932270916,False
SATS,2023-10-12,2023-10,14.65,0.22151224707135259,-0.31877133105802047,False
SGH,2023-10-13,2023-10,13.26,0.4661776691116544,0.1636500754147813,True
VSTO,2023-10-16,2023-10,24.8,0.2470659043033403,0.0495967741935484,True
NEOG,2023-10-16,2023-10,15.27,0.241871921182266,0.04125736738703345,True
LICY,2023-10-17,2023-10,23.04,0.2926829268292683,-0.7535416666666667,False
PCT,2023-10-18,2023-10,4.74,0.2610062893081761,-0.12447257383966241,False
CLM,2023-10-18,2023-10,6.57,0.1776397515527951,0.076103500761035,True
RTO,2023-10-19,2023-10,28.16,0.17916891527253104,0.02485795454545452,True
CYRX,2023-10-19,2023-10,11.64,0.150255288110868,0.17010309278350502,True
EVRI,2023-10-19,2023-10,11.26,0.19164265129682997,-0.007104795737122564,False
PRCT,2023-10-19,2023-10,28.06,0.1598802395209581,0.17818959372772644,True
WNS,2023-10-19,2023-10,56.74,0.20387519589685135,0.029432499118787356,True
ARIS,2023-10-20,2023-10,8.25,0.19730510105871035,-0.010909090909090893,False
ICHR,2023-10-20,2023-10,25.55,0.16795865633074933,0.010176125244618316,True
UCTT,2023-10-20,2023-10,23.5,0.1654870239298955,0.13361702127659578,True
IRDM,2023-10-20,2023-10,38.38,0.1869849989435876,-0.037780093798853644,False
SAVA,2023-10-24,2023-10,10.5571,0.23669092856005902,0.43978933608661464,True
TSHA,2023-10-24,2023-10,2.25,0.28797468354430383,-0.18222222222222217,False
CANO,2023-10-24,2023-10,12.92,0.5691489361702127,-0.3769349845201238,False
BTAI,2023-10-24,2023-10,49.12,0.29729729729729737,0.24755700325732907,True
AGEN,2023-10-24,2023-10,15.074,0.355042735042735,-0.09911105214276236,False
TRKA,2023-10-24,2023-10,0.7834,0.3697540983606557,0.3913709471534339,True
BCYC,2023-10-27,2023-10,14.57,0.3468468468468468,-0.04461221688400826,False
NRIX,2023-10-27,2023-10,4.47,0.3914246196403873,0.3288590604026847,True
ESTA,2023-10-30,2023-10,31.33,0.2559943582510579,-0.20651133099265878,False
GOOS,2023-10-30,2023-10,11.12,0.2041251778093884,-0.02428057553956831,False
VC,2023-11-01,2023-11,114.07,0.16402194868752792,0.040326115543087654,True
FDP,2023-11-01,2023-11,22.27,0.174163783160323,0.02379883251010333,True
SSRM,2023-11-01,2023-11,12.0,0.1827658095899931,-0.016666666666666607,False
TWKS,2023-11-02,2023-11,3.45,0.25279642058165547,0.21159420289855058,True
SGRY,2023-11-02,2023-11,24.66,0.1516335227272727,0.38077858880778576,True
QRTEA,2023-11-02,2023-11,0.5282,0.245617110799439,0.7315410829231351,True
TRUP,2023-11-02,2023-11,25.5,0.17881508078994615,0.1513725490196078,True
CABO,2023-11-02,2023-11,558.57,0.15414692834047672,-0.02787475159783026,False
TNDM,2023-11-02,2023-11,16.32,0.22091235263967207,0.2984068627450981,True
KRUS,2023-11-02,2023-11,61.0,0.16386554621848742,0.05180327868852454,True
ALGT,2023-11-02,2023-11,65.44,0.17592118730808598,0.09031173594132025,True
TELL,2023-11-02,2023-11,0.755,0.29396226415094345,-0.1390728476821192,False
RGR,2023-11-02,2023-11,46.28,0.17850045167118342,-0.03478824546240275,False
STAA,2023-11-02,2023-11,36.61,0.17747830059387856,-0.09888008740781201,False
LAZR,2023-11-02,2023-11,53.55,0.213302752293578,-0.31092436974789917,False
SKIN,2023-11-02,2023-11,4.07,0.3225255972696246,-0.2997542997542998,False
AORT,2023-11-02,2023-11,13.6,0.16505480335267572,0.3316176470588235,True
ERO,2023-11-02,2023-11,13.11,0.1732763880414887,0.04118993135011449,True
INFN,2023-11-02,2023-11,3.16,0.19312169312169314,0.33860759493670894,True
ASTE,2023-11-02,2023-11,30.96,0.3572660629581717,0.039082687338501315,True
NWG,2023-11-03,2023-11,4.79,0.18576388888888878,0.14613778705636746,True
VTYX,2023-11-03,2023-11,15.8,0.4806666666666667,-0.8613924050632912,False
RLAY,2023-11-03,2023-11,7.55,0.16071428571428584,0.10198675496688749,True
OLO,2023-11-07,2023-11,4.35,0.26020408163265313,0.3310344827586208,True
AMLX,2023-11-09,2023-11,12.56,0.3347802495930548,0.11464968152866238,True
MODN,2023-11-10,2023-11,21.69,0.15496845425867506,0.028123559243891167,True
TTI,2023-11-10,2023-11,4.61,0.3425076452599389,-0.06507592190889386,False
MNKD,2023-11-13,2023-11,3.61,0.17482517482517482,-0.027700831024930775,False
ZG,2023-11-13,2023-11,36.17,0.15985401459854015,0.25573679845175556,True
PHUN,2023-11-14,2023-11,7.625,0.2123572170301143,-0.5285245901639344,False
NSTG,2023-11-16,2023-11,1.34,0.16875,-0.5969402985074627,False
VVX,2023-11-20,2023-11,41.56,0.1893983362352486,0.10707410972088535,True
HBI,2023-11-27,2023-11,3.67,0.18080357142857154,0.21253405994550417,True
TUP,2023-11-28,2023-11,1.68,0.19117647058823536,0.369047619047619,True
PDCO,2023-11-29,2023-11,25.93,0.200921658986175,0.09872734284612414,True
POL,2023-11-29,2023-11,1.32,0.3977578059853608,3.174242424242424,True
CRBP,2023-11-29,2023-11,4.83,0.1956882255389719,0.2753623188405797,True
CAN,2023-11-30,2023-11,1.55,0.20942408376963348,0.49032258064516127,True
ARWR,2023-11-30,2023-11,21.55,0.271978021978022,0.419953596287703,True
LTBR,2023-12-04,2023-12,3.44,0.1945080091533181,-0.029069767441860492,False
DBI,2023-12-05,2023-12,8.53,0.3333333333333334,0.010550996483001156,True
JDST,2023-12-05,2023-12,1142.0,0.25602027883396705,0.05604203152364273,True
ASAN,2023-12-06,2023-12,19.41,0.16688116688116678,-0.12519319938176196,False
CXM,2023-12-07,2023-12,11.25,0.3359234907352063,0.05244444444444443,True
SEAT,2023-12-07,2023-12,132.0,0.20657276995305174,-0.07272727272727268,False
FLNC,2023-12-07,2023-12,22.25,0.18448403860430596,-0.033707865168539325,False
CCCC,2023-12-08,2023-12,1.35,0.29347826086956524,4.044444444444443,True
BLUE,2023-12-08,2023-12,58.6,0.4078674948240165,-0.4982935153583618,False
COGT,2023-12-11,2023-12,4.04,0.5370581527936146,0.2995049504950495,True
WTI,2023-12-11,2023-12,3.02,0.20259740259740266,-0.01986754966887419,False
PCT,2023-12-18,2023-12,2.92,0.45631067961165056,0.0,False
DOOR,2023-12-18,2023-12,85.4,0.17403873952009255,-0.0022248243559720364,False
QURE,2023-12-19,2023-12,6.76,0.19709794437726721,-0.15828402366863897,False
KULR,2023-12-26,2023-12,1.5736,0.45884057971014486,-0.03457041179461108,False
TOP,2023-12-26,2023-12,3.75,0.1938997821350762,-0.07733333333333334,False
SIDU,2023-12-26,2023-12,3.82,0.3522537562604341,1.2565445026178008,True
GRRR,2023-12-28,2023-12,5.38,0.1763076923076923,-0.07063197026022303,False
CORT,2024-01-02,2024-01,24.35,0.2652068126520682,-0.13347022587268992,False
DRV,2024-01-02,2024-01,34.32,0.21619092185306507,0.16491841491841483,True
HIBS,2024-01-02,2024-01,296.6,0.4643058956488981,-0.015171948752528657,False
YY,2024-01-02,2024-01,33.74,0.16469428007889544,-0.09128630705394196,False
APLT,2024-01-05,2024-01,2.17,0.40633245382585753,0.3870967741935483,True
CPRX,2024-01-05,2024-01,14.69,0.15731636784268357,-0.08849557522123887,False
OLMA,2024-01-08,2024-01,11.62,0.18972602739726024,0.3334767641996558,True
NVDS,2024-01-08,2024-01,405.0,0.24378665177324768,-0.28703703703703703,False
ASPN,2024-01-10,2024-01,13.66,0.1646305991855731,-0.13323572474377748,False
IRBT,2024-01-16,2024-01,30.02,0.2265745007680492,-0.5819453697534976,False
FGEN,2024-01-16,2024-01,18.5,0.16107382550335572,2.0405405405405403,True
DOOR,2024-01-16,2024-01,88.64,0.16460784313725496,0.46277075812274365,True
AMRC,2024-01-16,2024-01,23.47,0.2991730655640874,0.008095440988496008,True
CDNA,2024-01-16,2024-01,10.45,0.1765163297045101,-0.20669856459330146,False
CWEB,2024-01-16,2024-01,24.96,0.19769162474104765,0.12219551282051284,True
RCUS,2024-01-18,2024-01,16.41,0.17029903699949311,0.023765996343692905,True
PLL,2024-01-18,2024-01,18.72,0.38870757180156656,-0.22863247863247863,False
EVA,2024-01-24,2024-01,0.3705,0.6585576923076923,-0.1298245614035087,False
WGS,2024-01-26,2024-01,3.45,0.23660714285714293,1.356521739130435,True
CALX,2024-01-30,2024-01,32.64,0.260049404895576,0.06801470588235291,True
EAF,2024-01-31,2024-01,13.2,0.35121951219512193,0.33333333333333354,True
EXK,2024-01-31,2024-01,1.54,0.2176165803108808,-0.04545454545454549,False
INDB,2024-02-01,2024-02,53.61,0.15085536547433898,-0.0496176086551016,False
DCOM,2024-02-01,2024-02,21.3,0.16360153256704993,-0.11830985915492956,False
BOWL,2024-02-01,2024-02,11.01,0.19884726224783872,0.19800181653042687,True
LFST,2024-02-01,2024-02,5.46,0.25298013245033113,0.42582417582417587,True
THR,2024-02-01,2024-02,26.35,0.2073027090694935,0.04326375711574941,True
ATUS,2024-02-01,2024-02,2.44,0.21518987341772156,0.2213114754098361,True
EXTR,2024-02-01,2024-02,13.13,0.24543378995433784,-0.05102817974105102,False
EVGO,2024-02-01,2024-02,2.21,0.2915360501567399,0.2941176470588235,True
SGML,2024-02-01,2024-02,19.11,0.34209639366363337,-0.16640502354788067,False
LAC,2024-02-02,2024-02,4.09,0.31096563011456635,0.32762836185819066,True
LBRDA,2024-02-05,2024-02,65.0,0.19257972453157973,-0.12184615384615387,False
RCAT,2024-02-06,2024-02,0.621,0.2420461634435433,0.27214170692431566,True
NVDS,2024-02-06,2024-02,288.3,0.27358490566037735,-0.3106139438085328,False
HUMA,2024-02-07,2024-02,2.94,0.2027397260273972,0.1122448979591837,True
WGMI,2024-02-07,2024-02,13.87,0.24291497975708498,0.19538572458543613,True
TGI,2024-02-07,2024-02,13.43,0.1733333333333333,0.10871183916604624,True
LSPD,2024-02-08,2024-02,15.0,0.2494929006085192,-0.09533333333333331,False
ROOT,2024-02-09,2024-02,7.61,0.22494887525562365,4.604467805519054,True
GTN,2024-02-14,2024-02,8.18,0.18756268806419266,-0.28484107579462103,False
NYMT,2024-02-14,2024-02,7.2,0.15702479338842984,-0.013888888888888963,False
QDEL,2024-02-15,2024-02,43.45,0.39128027681660904,0.11415420023014945,True
MNSO,2024-02-15,2024-02,17.47,0.19735599622285174,0.12764739553520324,True
UDMY,2024-02-15,2024-02,10.88,0.24809951624049756,0.009191176470588203,True
PSNY,2024-02-20,2024-02,50.1,0.277056277056277,-0.03592814371257493,False
AMN,2024-02-20,2024-02,58.11,0.26563882219133067,0.1373257614868354,True
THS,2024-02-20,2024-02,36.76,0.15727753506553238,0.03373231773667035,True
CDLX,2024-02-20,2024-02,6.36,0.2027363184079601,1.3915094339622642,True
AUPH,2024-02-20,2024-02,5.55,0.32812500000000006,-0.0738738738738739,False
EBS,2024-02-20,2024-02,1.7,0.22842639593908629,0.47647058823529403,True
ROCK,2024-02-21,2024-02,74.36,0.15095205322321645,0.09238838084991938,True
AMPL,2024-02-21,2024-02,11.81,0.1742477256822952,-0.02540220152413215,False
FSR,2024-02-22,2024-02,0.54,0.41033234616650216,-0.7688888888888888,False
MED,2024-02-22,2024-02,40.0,0.29664146298575694,-0.13249999999999992,False
GSHD,2024-02-22,2024-02,71.48,0.21919599084867636,-0.01035254616676006,False
ACB,2024-02-26,2024-02,3.26,0.2562744646557679,0.29141104294478537,True
BITI,2024-02-26,2024-02,47.7,0.23023255813953492,-0.21069182389937113,False
ASPI,2024-02-27,2024-02,3.45,0.15686274509803924,0.24637681159420277,True
PAYO,2024-02-28,2024-02,4.57,0.19604316546762587,0.06345733041575492,True
IAS,2024-02-28,2024-02,10.32,0.4146198830409357,-0.033914728682170506,False
CXAI,2024-02-28,2024-02,2.47,0.1595744680851063,-0.008097165991902841,False
TWKS,2024-03-01,2024-03,2.99,0.35421166306695456,-0.16387959866220742,False
BKKT,2024-03-01,2024-03,15.75,0.6,-0.26269841269841265,False
EVLV,2024-03-01,2024-03,4.06,0.2973451327433628,0.2586206896551726,True
SHC,2024-03-01,2024-03,14.75,0.16032295271049593,-0.2067796610169492,False
DAVA,2024-03-01,2024-03,38.72,0.45717062335138137,-0.026859504132231385,False
COMM,2024-03-04,2024-03,1.04,0.569620253164557,0.18269230769230763,True
GDEN,2024-03-04,2024-03,31.06,0.21517067003792664,0.15679330328396657,True
CSTL,2024-03-04,2024-03,21.14,0.16086956521739132,0.05014191106906332,True
SFIX,2024-03-05,2024-03,2.64,0.3492462311557789,-0.06439393939393936,False
CECO,2024-03-05,2024-03,19.43,0.1895734597156399,0.23623262995367988,True
HNST,2024-03-05,2024-03,2.98,0.16011235955056174,0.2651006711409396,True
EWCZ,2024-03-05,2024-03,13.87,0.17141049968374453,-0.09877433309300644,False
IRDM,2024-03-05,2024-03,28.83,0.18741179791137455,-0.11030176899063475,False
CLOV,2024-03-05,2024-03,0.813,0.20882352941176466,-0.06924969249692486,False
SEMR,2024-03-05,2024-03,10.92,0.16230769230769226,0.20604395604395603,True
BMBL,2024-03-05,2024-03,11.0,0.21683309557774602,0.02000000000000006,True
INTA,2024-03-07,2024-03,36.5,0.1613355124912444,-0.1326027397260274,False
WTI,2024-03-07,2024-03,2.63,0.16878980891719753,0.04182509505703434,True
FNKO,2024-03-07,2024-03,7.49,0.20198265179677818,-0.23497997329773027,False
SAVE,2024-03-08,2024-03,4.8,0.27827380952380953,-0.016666666666666684,False
OLMA,2024-03-13,2024-03,12.5,0.16943521594684388,-0.07599999999999994,False
PHR,2024-03-13,2024-03,23.05,0.19092169092169087,0.03253796095444685,True
CRBU,2024-03-13,2024-03,5.58,0.3220338983050848,-0.22401433691756273,False
MEI,2024-03-13,2024-03,13.02,0.4069400630914827,-0.03456221198156677,False
MOMO,2024-03-14,2024-03,6.05,0.22294654498044328,-0.12396694214876033,False
IRBT,2024-03-14,2024-03,9.2,0.24798711755233496,-0.1467391304347826,False
CCRN,2024-03-14,2024-03,16.77,0.20658823529411768,0.047107930828861014,True
CDNA,2024-03-14,2024-03,9.86,0.17466887417218538,-0.13488843813387424,False
EXPI,2024-03-14,2024-03,10.98,0.15343511450381678,-0.1038251366120219,False
MRSN,2024-03-14,2024-03,123.25,0.1574074074074074,-0.22718052738336714,False
ALT,2024-03-14,2024-03,10.23,0.27407675597393194,-0.21896383186705767,False
SIBN,2024-03-14,2024-03,16.0,0.2353219696969698,-0.06437499999999996,False
LMB,2024-03-14,2024-03,41.37,0.19633558341369334,-0.044476673918298196,False
STEM,2024-03-20,2024-03,40.0,0.29304029304029305,-0.205,False
ICHR,2024-03-20,2024-03,38.0,0.16122494933573514,-0.011052631578947413,False
URGN,2024-03-21,2024-03,14.89,0.1963421194190425,-0.07790463398253862,False
BTAI,2024-03-22,2024-03,41.6,0.15361445783132524,0.09615384615384615,True
CGC,2024-03-25,2024-03,5.88,0.19375812743823148,0.5357142857142856,True
CDLX,2024-03-26,2024-03,13.55,0.32839506172839505,-0.14981549815498163,False
GLL,2024-04-01,2024-04,90.52,0.17513513513513512,-0.024524966858152884,False
VERV,2024-04-01,2024-04,8.67,0.1925505050505051,-0.30680507497116494,False
FDMT,2024-04-01,2024-04,28.79,0.16336771675494832,-0.16880861410211878,False
BEAM,2024-04-01,2024-04,30.65,0.15190859517008573,-0.30766721044045675,False
TMC,2024-04-01,2024-04,1.49,0.21311475409836073,0.020134228187919483,True
MODV,2024-04-01,2024-04,21.25,0.32015691007845504,0.10447058823529407,True
CXAI,2024-04-02,2024-04,4.75,0.2715447154471544,-0.2905263157894737,False
MVST,2024-04-02,2024-04,0.6101,0.34078212290502796,-0.33764956564497617,False
JACK,2024-04-05,2024-04,61.59,0.17630446476600323,-0.10845916544893662,False
BMR,2024-04-08,2024-04,6.14,0.23832923832923836,-0.07491856677524429,False
HLIT,2024-04-11,2024-04,10.76,0.19304733727810647,0.05855018587360602,True
MORF,2024-04-12,2024-04,28.58,0.1857954545454546,0.0034989503149055784,True
ZSL,2024-04-12,2024-04,500.0,0.24393063583815022,0.02,True
INTR,2024-04-15,2024-04,5.15,0.17073170731707327,0.16504854368932032,True
SANA,2024-04-18,2024-04,7.63,0.23616600790513823,0.144167758846658,True
EYPT,2024-04-18,2024-04,17.67,0.25277540563620843,-0.3299377475947935,False
TRUP,2024-04-18,2024-04,21.39,0.22999279019466473,0.41374474053295923,True
RCKT,2024-04-18,2024-04,23.29,0.1526524720317575,-0.028767711464147624,False
AMRC,2024-04-18,2024-04,18.33,0.25730292116846737,0.4920894708128753,True
PSNY,2024-04-18,2024-04,39.9,0.20833333333333334,-0.06766917293233073,False
SPCE,2024-04-18,2024-04,18.2,0.3445945945945947,0.10989010989010989,True
KURA,2024-04-19,2024-04,18.33,0.1966086159486709,0.21331151118385164,True
SNBR,2024-04-22,2024-04,13.29,0.17592014971927636,0.15349887133182852,True
FFIE,2024-04-25,2024-04,2.0,0.5617173524150268,22.2,True
BCRX,2024-04-30,2024-04,4.18,0.1901960784313725,0.4712918660287083,True
DNA,2024-04-30,2024-04,35.384,0.23181034482758622,-0.36615419398598237,False
BLND,2024-04-30,2024-04,2.42,0.2147435897435897,0.26859504132231404,True
PLRX,2024-04-30,2024-04,11.82,0.2077747989276139,0.06768189509306251,True
CABA,2024-04-30,2024-04,10.6,0.43437832093517537,-0.05188679245283009,False
TXG,2024-04-30,2024-04,26.5,0.2164838105432164,-0.1656603773584906,False
BKKT,2024-04-30,2024-04,6.51,0.5117336729124977,1.4700460829493085,True
QRTEA,2024-05-01,2024-05,0.8451,0.24495495495495506,-0.15986273813749852,False
COMM,2024-05-01,2024-05,0.88,0.2999193548387097,0.6477272727272727,True
HTZ,2024-05-01,2024-05,4.87,0.42692307692307696,-0.05338809034907593,False
LTH,2024-05-01,2024-05,13.31,0.15254237288135591,0.23891810668670158,True
XPOF,2024-05-01,2024-05,13.28,0.15792880258899675,-0.29593373493975905,False
ATUS,2024-05-01,2024-05,2.08,0.21011673151750976,0.2548076923076922,True
FCEL,2024-05-01,2024-05,27.897,0.25719008264462806,-0.02140015055382291,False
LEG,2024-05-01,2024-05,13.3,0.30226434965771454,-0.1714285714285715,False
ENOV,2024-05-02,2024-05,52.37,0.16498478295691169,-0.04009929348863843,False
FRSH,2024-05-02,2024-05,14.93,0.21801705756929646,-0.1373074346952444,False
ANNX,2024-05-02,2024-05,4.75,0.2520064205457464,0.016842105263157908,True
FOXF,2024-05-02,2024-05,41.63,0.16109810597999574,0.11986548162382885,True
OTEX,2024-05-03,2024-05,30.6,0.1890080428954423,-0.05522875816993468,False
BLCO,2024-05-03,2024-05,14.4,0.17174177831912313,0.06875000000000002,True
BLUE,2024-05-03,2024-05,18.572,0.2858730158730159,0.037475769976308505,True
LZ,2024-05-09,2024-05,9.43,0.25137903861308114,-0.10816542948038171,False
BGS,2024-05-09,2024-05,8.38,0.2831168831168832,0.1157517899761335,True
METC,2024-05-09,2024-05,13.1883,0.1968601830747291,-0.01577913756890577,False
LFMD,2024-05-09,2024-05,9.45,0.2565947242206234,-0.20211640211640206,False
FROG,2024-05-10,2024-05,33.34,0.21386044296261023,-0.016496700659868153,False
VVOS,2024-05-10,2024-05,2.18,0.2328519855595668,0.13302752293577982,True
MRSN,2024-05-13,2024-05,66.75,0.30319148936170215,-0.15355805243445692,False
MGNX,2024-05-13,2024-05,4.06,0.7374100719424461,0.21428571428571433,True
TMCI,2024-05-13,2024-05,5.09,0.6071118820468343,0.14931237721021606,True
MAXN,2024-05-15,2024-05,267.0,0.30434782608695654,-0.4606741573033708,False
RYI,2024-05-15,2024-05,21.97,0.31798382078406967,-0.05006827492034583,False
DLO,2024-05-16,2024-05,9.92,0.3298969072164949,-0.23891129032258066,False
LFST,2024-05-22,2024-05,5.78,0.2263648468708389,-0.08650519031141868,False
NGG,2024-05-23,2024-05,58.2652,0.1580970854111329,-0.07601449922080422,False
MNRO,2024-05-23,2024-05,23.12,0.18074445239799572,-0.00043252595155716104,False
CHUY,2024-05-23,2024-05,26.04,0.15083798882681565,-0.01651305683563747,False
DAVE,2024-05-29,2024-05,44.66,0.1610472782068187,-0.3307210031347962,False
YEXT,2024-05-29,2024-05,4.96,0.15051903114186851,0.044354838709677366,True
RGNX,2024-05-29,2024-05,14.21,0.16804245283018876,-0.18156228008444755,False
HOUS,2024-05-30,2024-05,4.22,0.24821428571428567,-0.21563981042654023,False
LEG,2024-05-30,2024-05,11.08,0.2100358422939068,0.0342960288808665,True
HTZ,2024-05-30,2024-05,4.68,0.2316666666666666,-0.24572649572649571,False
EAF,2024-05-30,2024-05,16.9,0.18660287081339708,-0.4260355029585799,False
MD,2024-05-30,2024-05,7.4,0.21114683815648444,0.0202702702702702,True
KORU,2024-05-31,2024-05,74.9,0.20532741398446172,0.1255006675567422,True
TGB,2024-06-03,2024-06,2.48,0.17377049180327864,-0.012096774193548309,False
CC,2024-06-03,2024-06,24.0,0.16203226913834531,-0.06000000000000005,False
MCRB,2024-06-06,2024-06,15.8,0.25166666666666665,0.02784810126582264,True
PERI,2024-06-10,2024-06,8.5,0.3133971291866029,-0.004705882352941076,False
CRBU,2024-06-10,2024-06,1.88,0.4932614555256065,-0.13829787234042543,False
NRGU,2024-06-11,2024-06,492.69,0.16055870798777822,-0.06945543851103121,False
IESC,2024-06-11,2024-06,129.35,0.2838983050847457,0.11921144182450728,True
LICY,2024-06-11,2024-06,3.1,0.414339801230478,0.3387096774193549,True
BB,2024-06-13,2024-06,2.51,0.16831683168316824,-0.003984063745019836,False
SPCE,2024-06-17,2024-06,11.5,0.4428571428571429,-0.3008695652173914,False
NKTX,2024-06-17,2024-06,5.6,0.19,0.42857142857142866,True
PSNY,2024-06-17,2024-06,25.194,0.23372727272727276,0.15860919266492032,True
SNBR,2024-06-20,2024-06,10.65,0.3397040690505548,-0.053521126760563406,False
NKTR,2024-06-20,2024-06,16.2,0.3771428571428571,0.2870370370370372,True
TUP,2024-06-20,2024-06,1.28,0.36633663366336633,-0.007812500000000007,False
TARS,2024-06-20,2024-06,26.59,0.2696349557522123,0.016923655509590046,True
GES,2024-06-20,2024-06,20.44,0.17319337908760593,0.12573385518591,True
MLAB,2024-06-20,2024-06,92.13,0.21516603902773024,0.17355910126994475,True
REMX,2024-06-20,2024-06,43.8,0.17963960616756458,-0.01894977168949768,False
SRRK,2024-06-20,2024-06,8.37,0.29120409906063194,0.04062126642771824,True
SDGR,2024-06-20,2024-06,18.83,0.1925862803579037,0.13489113117365922,True
CLNE,2024-06-20,2024-06,2.68,0.1501597444089456,-0.04850746268656729,False
CERT,2024-06-20,2024-06,13.5,0.22497123130034513,0.19111111111111098,True
DBI,2024-06-20,2024-06,7.17,0.3502262443438915,0.018131101813110166,True
SBH,2024-06-20,2024-06,10.14,0.1849479583666934,0.10453648915187363,True
SSRM,2024-06-20,2024-06,4.64,0.164855072463768,0.14439655172413793,True
ESTA,2024-06-20,2024-06,42.93,0.2070885136388941,0.059166084323317006,True
EVA,2024-06-20,2024-06,0.46,0.2536824877250409,-0.13695652173913042,False
BAND,2024-06-20,2024-06,15.41,0.27234242709313267,0.3471771576898119,True
MED,2024-06-20,2024-06,20.56,0.21226053639846754,-0.09338521400778202,False
TDS,2024-06-20,2024-06,18.52,0.18720069656073127,0.15280777537796986,True
RUM,2024-06-20,2024-06,5.33,0.24289772727272727,0.21763602251407133,True
PLL,2024-06-21,2024-06,10.17,0.3066485753052917,0.10226155358898731,True
FFIE,2024-06-26,2024-06,24.612,0.2661651728553137,-0.4149195514383227,False
IMNM,2024-06-27,2024-06,11.84,0.2542056074766355,0.3944256756756758,True
MRVI,2024-06-27,2024-06,7.11,0.203599550056243,0.28832630098452877,True
ASPI,2024-06-27,2024-06,3.05,0.44014732965009207,-0.09836065573770486,False
BIG,2024-06-27,2024-06,1.82,0.48579545454545453,-0.4065934065934066,False
DAVE,2024-06-27,2024-06,30.14,0.370339161575732,0.19276708692767094,True
NVCR,2024-06-27,2024-06,17.67,0.262034323984931,0.07640067911714758,True
VERV,2024-06-27,2024-06,4.82,0.15,0.5352697095435685,True
PLCE,2024-06-27,2024-06,8.39,0.3576923076923077,-0.06197854588796191,False
RGNX,2024-06-27,2024-06,11.63,0.2120596205962059,0.23215821152192598,True
FDMT,2024-06-27,2024-06,20.95,0.2327712609970675,-0.12410501193317412,False
AESI,2024-06-27,2024-06,20.05,0.18373245251857967,0.03690773067331663,True
SGMO,2024-06-27,2024-06,0.4071,0.3440842520980747,1.1245394252026528,True
CAPR,2024-06-27,2024-06,4.72,0.20000000000000004,-0.07415254237288128,False
SHLS,2024-06-27,2024-06,6.49,0.20685434516523862,0.036979969183359045,True
DNA,2024-06-27,2024-06,12.24,0.4471661004827463,0.20980392156862743,True
CIFR,2024-06-27,2024-06,4.22,0.20038167938931292,0.37914691943127976,True
CHPT,2024-06-27,2024-06,30.2,0.17486338797814213,0.4503311258278145,True
LEVI,2024-06-27,2024-06,19.47,0.19073231278444364,-0.08166409861325115,False
CABA,2024-06-27,2024-06,7.41,0.4156050955414013,-0.029689608636977022,False
PACB,2024-06-27,2024-06,1.38,0.33658536585365845,0.5471014492753623,True
QSI,2024-06-27,2024-06,0.9708,0.40506329113924056,0.14338689740420282,True
AZUL,2024-06-27,2024-06,4.1,0.22924187725631778,0.0756097560975611,True
HE,2024-06-28,2024-06,9.14,0.17925386715195638,0.788840262582057,True
TITN,2024-07-01,2024-07,15.18,0.16318681318681313,0.1653491436100133,True
BMBL,2024-07-05,2024-07,9.13,0.19621342512908774,-0.11171960569550946,False
LESL,2024-07-05,2024-07,74.6,0.3108614232209738,-0.23726541554959782,False
RILY,2024-07-05,2024-07,15.22,0.3504531722054381,0.12286465177398155,True
JDST,2024-07-05,2024-07,682.2,0.1692307692307692,0.10231603635297559,True
CYRX,2024-07-10,2024-07,5.71,0.4774011299435028,0.4290718038528897,True
KOSS,2024-07-15,2024-07,9.45,0.346816479400749,-0.24550264550264544,False
SPCE,2024-07-16,2024-07,7.88,0.3128205128205129,-0.21192893401015228,False
USD,2024-07-19,2024-07,32.78,0.2254661432777232,0.015100671140939518,True
SIGI,2024-07-19,2024-07,83.43,0.18893280632411072,0.06820088697111347,True
SCHL,2024-07-19,2024-07,29.4,0.2291502236253617,0.06598639455782318,True
SAVA,2024-07-19,2024-07,10.43,0.4965034965034965,1.9204218600191756,True
MEG,2024-07-22,2024-07,33.43,0.3016503029036975,-0.01017050553395143,False
LGVN,2024-07-26,2024-07,4.07,0.24395604395604395,-0.40786240786240785,False
IART,2024-07-29,2024-07,24.7,0.19911783238815364,-0.1692307692307692,False
TTOO,2024-07-29,2024-07,4.83,0.18275862068965512,-0.22981366459627325,False
SRM,2024-07-30,2024-07,1.16,0.18105633802816895,-0.34396551724137925,False
MBIN,2024-07-30,2024-07,43.79,0.15839513215440207,0.03448275862068961,True
IRTC,2024-07-31,2024-07,86.33,0.1782583841463414,-0.1611259121973821,False
DH,2024-07-31,2024-07,3.84,0.3532338308457712,0.1822916666666667,True
CBZ,2024-07-31,2024-07,70.18,0.19321088119042074,0.014676546024508219,True
AVDX,2024-07-31,2024-07,8.9,0.3048211508553655,-0.08426966292134831,False
PTVE,2024-08-01,2024-08,10.0,0.20817562452687358,0.18000000000000008,True
CRAI,2024-08-01,2024-08,147.74,0.1708671275379675,0.1411939894409096,True
BAND,2024-08-01,2024-08,15.7,0.3001752848378615,0.09299363057324847,True
REAL,2024-08-05,2024-08,3.14,0.17771883289124665,-0.22611464968152864,False
POWI,2024-08-05,2024-08,64.76,0.1756308947234258,-0.03999382334774557,False
GNS,2024-08-05,2024-08,1.199,0.33574879227053145,-0.2849040867389491,False
ICL,2024-08-05,2024-08,3.87,0.17419354838709686,0.12919896640826872,True
DRV,2024-08-05,2024-08,31.14,0.1605270233933853,-0.18593448940269747,False
LFMD,2024-08-06,2024-08,5.84,0.18863955119214584,-0.1455479452054794,False
INDO,2024-08-06,2024-08,3.17,0.18256130790190733,-0.04731861198738168,False
RPD,2024-08-06,2024-08,35.56,0.19970916141541434,0.03233970753655789,True
AHCO,2024-08-06,2024-08,8.82,0.24891587163920204,0.2732426303854875,True
JMIA,2024-08-06,2024-08,4.93,0.6641483516483517,-0.1135902636916835,False
TPIC,2024-08-07,2024-08,3.28,0.3508946322067594,0.1890243902439025,True
FIGS,2024-08-07,2024-08,5.57,0.18436578171091444,0.06463195691202862,True
INDI,2024-08-08,2024-08,4.8,0.3490566037735849,-0.26875000000000004,False
CGEM,2024-08-08,2024-08,16.9,0.21476510067114096,0.0639053254437871,True
BIGC,2024-08-08,2024-08,5.69,0.3226190476190476,0.02987697715289981,True
VITL,2024-08-09,2024-08,30.0,0.28608247422680416,0.029999999999999954,True
MSGM,2024-08-09,2024-08,1.77,0.35018050541516244,-0.2429378531073446,False
EWCZ,2024-08-13,2024-08,6.0,0.2985829959514171,0.1166666666666667,True
BTDR,2024-08-14,2024-08,6.64,0.34491525423728814,0.003012048192771154,True
OM,2024-08-15,2024-08,12.075,0.7984766584766585,-0.34161490683229806,False
OUST,2024-08-15,2024-08,7.82,0.47074829931972784,-0.1483375959079284,False
CHRS,2024-08-16,2024-08,1.29,0.26744186046511625,-0.18604651162790697,False
LLAP,2024-08-16,2024-08,0.251,0.7096251735307728,-0.017928286852589657,False
EBS,2024-08-16,2024-08,10.99,0.27285037237643867,-0.3403093721565059,False
HELE,2024-08-20,2024-08,51.11,0.18500080295487398,0.1588730189786734,True
FFIE,2024-08-23,2024-08,6.58,0.48357142857142854,-0.5288753799392097,False
GOTU,2024-08-27,2024-08,3.13,0.3104166666666666,-0.07028753993610216,False
OCEA,2024-08-28,2024-08,0.9,0.2304273504273504,0.03333333333333336,True
DATS,2024-08-28,2024-08,1.26,0.2774566473988439,-0.03174603174603177,False
KC,2024-09-03,2024-09,2.23,0.1616541353383459,0.757847533632287,True
NVCR,2024-09-03,2024-09,16.61,0.1518987341772152,-0.06682721252257673,False
BASE,2024-09-05,2024-09,16.14,0.17940876656472984,-0.09231722428748453,False
GTLSpB,2024-09-05,2024-09,47.44,0.253210718249564,0.06176222596964587,True
CRBU,2024-09-05,2024-09,1.83,0.179372197309417,0.021857923497267777,True
CMP,2024-09-05,2024-09,8.18,0.24448529411764705,0.4743276283618583,True
HI,2024-09-06,2024-09,28.94,0.19588774659627675,-0.06357982031789909,False
TTI,2024-09-06,2024-09,2.79,0.15773809523809518,0.2544802867383512,True
CONY,2024-09-06,2024-09,116.4,0.3254015466983938,0.09621993127147756,True
RLAY,2024-09-06,2024-09,8.05,0.1590296495956873,-0.2124223602484473,False
NUS,2024-09-09,2024-09,7.26,0.2743538767395627,-0.11157024793388425,False
INDV,2024-09-09,2024-09,9.63,0.2135007849293564,0.01973001038421594,True
HMY,2024-09-11,2024-09,8.92,0.216577540106952,0.12331838565022418,True
EETH,2024-09-16,2024-09,47.04,0.17843733237976037,0.10926870748299321,True
QURE,2024-09-17,2024-09,5.62,0.20056899004267426,0.15124555160142342,True
VECO,2024-09-19,2024-09,31.52,0.15894736842105261,-0.032994923857867994,False
PGNY,2024-09-19,2024-09,16.35,0.3368251410153102,0.030581039755351678,True
DAVA,2024-09-20,2024-09,26.19,0.2041853512705531,0.004963726613211111,True
MGOL,2024-09-23,2024-09,2.56,0.33933161953727514,0.04296874999999995,True
ZGN,2024-09-23,2024-09,8.1,0.24976348155156106,-0.012345679012345635,False
SES,2024-09-24,2024-09,0.6594,0.3833644859813084,-0.0347285410979679,False
FDMT,2024-09-24,2024-09,11.47,0.316884661117717,-0.2580645161290323,False
VVPR,2024-09-24,2024-09,1.34,0.4152542372881356,-0.4058955223880597,False
MCRB,2024-09-25,2024-09,19.6,0.2109482758620689,-0.27540816326530615,False
HE,2024-09-25,2024-09,9.97,0.18464052287581698,-0.023069207622868647,False
MNSO,2024-09-25,2024-09,15.89,0.18224299065420566,0.13593455003146634,True
BKSY,2024-10-02,2024-10,5.35,0.305980528511822,0.1813084112149534,True
MMYT,2024-10-02,2024-10,87.08,0.21162917271407836,0.16548001837390902,True
CRVO,2024-10-02,2024-10,13.69,0.21816105082809834,-0.002921840759678535,False
JKS,2024-10-08,2024-10,25.44,0.20689655172413807,-0.051493710691823985,False
MAXN,2024-10-09,2024-10,5.97,0.3942583732057416,0.52428810720268,True
DRUG,2024-10-11,2024-10,1.11,0.16286821705426352,38.73873873873873,True
ASPN,2024-10-21,2024-10,20.8,0.2526278906797478,-0.32211538461538464,False
ZGN,2024-10-22,2024-10,7.9,0.18699186991869918,-0.06455696202531654,False
BDN,2024-10-23,2024-10,5.4,0.16998468606431857,0.025925925925925866,True
DENN,2024-10-23,2024-10,5.55,0.18032786885245902,0.15135135135135133,True
ASAI,2024-10-23,2024-10,6.36,0.1502659574468085,-0.05503144654088058,False
LOB,2024-10-24,2024-10,42.21,0.16706491437674234,0.1317223406775646,True
TTOO,2024-10-24,2024-10,1.25,0.37,-0.592,False
WKC,2024-10-25,2024-10,26.07,0.15843162256933382,0.11162255466052935,True
XPRO,2024-10-25,2024-10,12.98,0.25014021312394835,0.06779661016949144,True
PHG,2024-10-28,2024-10,25.7793,0.18518754845440422,0.0014895672109017438,True
IEP,2024-10-29,2024-10,12.87,0.1755971594577147,-0.1398601398601398,False
CWH,2024-10-31,2024-10,20.24,0.1662510390689942,0.20750988142292506,True
TNGX,2024-10-31,2024-10,5.42,0.27144772117962473,-0.2730627306273063,False
CRTO,2024-10-31,2024-10,34.03,0.21856148491879354,0.19835439318248604,True
GNS,2024-10-31,2024-10,0.627,0.2472989195678271,0.17767145135566179,True
SABR,2024-10-31,2024-10,3.23,0.2195121951219511,0.21052631578947373,True
VRRM,2024-11-01,2024-11,23.17,0.1671469740634006,0.026327147173068596,True
MYGN,2024-11-01,2024-11,17.63,0.31178270849273154,-0.05331820760068053,False
OLPX,2024-11-05,2024-11,1.9,0.20524017467248906,0.08421052631578956,True
TKR,2024-11-05,2024-11,74.98,0.16781292984869328,0.030541477727393865,True
MBIN,2024-11-05,2024-11,38.9,0.19315456725528668,0.037532133676092566,True
GO,2024-11-05,2024-11,15.53,0.16894977168949768,0.26786864133934335,True
MQ,2024-11-05,2024-11,3.56,0.4252100840336135,0.08707865168539328,True
LICY,2024-11-06,2024-11,3.26,0.16315789473684203,-0.4355828220858895,False
BGS,2024-11-06,2024-11,7.2,0.1984126984126984,-0.08055555555555556,False
LU,2024-11-06,2024-11,2.87,0.2289855072463768,-0.13240418118466896,False
MATV,2024-11-07,2024-11,13.83,0.21091954022988496,-0.12292118582791028,False
KVYO,2024-11-07,2024-11,34.225,0.16303270564915753,0.16113951789627468,True
YOU,2024-11-07,2024-11,28.17,0.25799739921976594,-0.039048633297834624,False
ASC,2024-11-07,2024-11,12.75,0.2722127900396153,-0.11137254901960784,False
FIGS,2024-11-08,2024-11,4.81,0.2833583208395802,0.08731808731808749,True
GDOT,2024-11-08,2024-11,10.99,0.17921686746987944,0.011828935395814286,True
SPTN,2024-11-08,2024-11,19.0,0.16157591854803005,0.0005263157894737665,True
KOSS,2024-11-08,2024-11,7.0,0.17548076923076922,0.06142857142857139,True
KORU,2024-11-08,2024-11,52.5,0.2103703703703704,-0.2571428571428571,False
JELD,2024-11-08,2024-11,11.01,0.30851735015772863,-0.025431425976385046,False
HMY,2024-11-08,2024-11,9.78,0.15535568274734263,-0.058282208588956906,False
ADEA,2024-11-08,2024-11,11.65,0.1823988644428673,0.14678111587982826,True
PSEC,2024-11-08,2024-11,4.44,0.16292134831460678,0.0,False
HAIN,2024-11-08,2024-11,7.37,0.18536853685368532,0.09497964721845321,True
MSOS,2024-11-11,2024-11,4.07,0.4807692307692308,0.0024570024570024045,True
NMM,2024-11-12,2024-11,48.72,0.16930137684854668,-0.07122331691297207,False
PGY,2024-11-12,2024-11,11.19,0.3558318531675547,-0.12511170688114392,False
AVDL,2024-11-12,2024-11,13.12,0.1932515337423313,-0.2134146341463414,False
PHAT,2024-11-12,2024-11,9.63,0.4973600844772968,-0.12824506749740405,False
LITM,2024-11-13,2024-11,3.8883,0.3122012316042166,-0.471748579070545,False
LBTYA,2024-11-13,2024-11,12.1,0.4373522458628841,0.07933884297520669,True
NVRO,2024-11-13,2024-11,4.43,0.2301038062283737,-0.0474040632054176,False
QTRX,2024-11-13,2024-11,12.41,0.19428200129954518,-0.10072522159548751,False
RAPT,2024-11-13,2024-11,12.56,0.4935483870967742,-0.3439490445859873,False
SAIC,2024-11-14,2024-11,125.5,0.18293316028552886,-0.0991235059760956,False
NRIX,2024-11-15,2024-11,22.3,0.18550106609808098,-0.06681614349775794,False
WW,2024-11-15,2024-11,0.89,0.314031007751938,0.8202247191011237,True
SMLR,2024-11-15,2024-11,46.0,0.15613735534054266,0.6195652173913043,True
RUM,2024-11-19,2024-11,5.98,0.2122052704576977,0.24080267558528418,True
TV,2024-11-19,2024-11,1.99,0.20318725099601587,-0.08542713567839193,False
RCKT,2024-11-19,2024-11,13.04,0.251847640704946,-0.09969325153374226,False
KURA,2024-11-21,2024-11,10.27,0.45826602046311254,-0.12268743914313533,False
LAZR,2024-11-21,2024-11,10.89,0.35929203539823007,-0.5133149678604224,False
CABA,2024-11-21,2024-11,1.91,0.5978494623655914,0.24607329842931938,True
DNLI,2024-11-22,2024-11,25.17,0.21817606079797333,-0.1744139849026619,False
EWCZ,2024-11-22,2024-11,5.97,0.31511627906976747,-0.1373534338358458,False
GOTU,2024-11-22,2024-11,2.55,0.2080745341614908,-0.07843137254901951,False
MRUS,2024-11-29,2024-11,45.9,0.1772477064220183,-0.08736383442265791,False
QURE,2024-11-29,2024-11,6.52,0.23363286264441596,1.6411042944785277,True
SVC,2024-11-29,2024-11,2.78,0.16012084592145023,-0.1187050359712229,False
ACMR,2024-11-29,2024-11,16.75,0.16553398058252428,-0.10029850746268655,False
APGE,2024-11-29,2024-11,45.75,0.2612892670157068,-0.0242622950819672,False
OLMA,2024-11-29,2024-11,10.62,0.20440251572327053,-0.47175141242937846,False
MSGE,2024-12-02,2024-12,37.12,0.15581717451523547,-0.04094827586206886,False
CRVO,2024-12-02,2024-12,10.45,0.18302180685358252,-0.7760765550239235,False
BASE,2024-12-04,2024-12,16.26,0.21922348484848497,-0.04366543665436659,False
CAPR,2024-12-04,2024-12,14.8,0.3543147208121827,0.01081081081081082,True
HIVE,2024-12-04,2024-12,4.57,0.17333333333333337,-0.32385120350109414,False
INDI,2024-12-04,2024-12,3.85,0.302007299270073,0.09350649350649347,True
CGEM,2024-12-04,2024-12,12.94,0.24956572090330045,-0.04250386398763516,False
CADL,2024-12-04,2024-12,4.35,0.16885553470919332,1.0666666666666669,True
SBLK,2024-12-05,2024-12,16.5,0.19373776908023485,-0.07757575757575753,False
CYH,2024-12-06,2024-12,3.56,0.23059866962305978,-0.1404494382022472,False
BNED,2024-12-06,2024-12,10.65,0.16864608076009507,-0.01502347417840377,False
DOMO,2024-12-06,2024-12,8.01,0.2004008016032064,-0.09238451935081152,False
DQ,2024-12-06,2024-12,19.44,0.1668202764976959,0.07716049382716049,True
SWBI,2024-12-06,2024-12,11.07,0.22978723404255322,-0.0740740740740741,False
TPIC,2024-12-09,2024-12,1.51,0.41923076923076924,0.15894039735099338,True
EQC,2024-12-09,2024-12,1.5,0.9264345267287887,0.2266666666666667,True
AGIO,2024-12-09,2024-12,48.65,0.2109020116807268,-0.27810894141829395,False
YEXT,2024-12-10,2024-12,7.1,0.17906976744186048,-0.08028169014084499,False
HLNE,2024-12-12,2024-12,171.23,0.15051843032197254,-0.1837878876365123,False
KROS,2024-12-12,2024-12,18.76,0.7367142857142858,-0.2238805970149254,False
ESPR,2024-12-12,2024-12,2.18,0.3342036553524805,0.07339449541284389,True
UFPT,2024-12-12,2024-12,270.0,0.16685247120029725,-0.10388888888888893,False
LOVE,2024-12-12,2024-12,26.15,0.3338509316770187,0.024474187380497156,True
NUKK,2024-12-16,2024-12,2.23,0.22777777777777786,6.511210762331839,True
OI,2024-12-17,2024-12,10.73,0.17579028527370863,-0.026095060577819303,False
NAIL,2024-12-18,2024-12,87.58,0.41599645367614463,0.10790134733957528,True
DIN,2024-12-18,2024-12,30.56,0.17371937639198223,-0.12663612565445018,False
DK,2024-12-18,2024-12,16.91,0.15527638190954773,0.18391484328799523,True
TERN,2024-12-18,2024-12,5.82,0.18644067796610173,-0.22680412371134023,False
ARVN,2024-12-18,2024-12,18.85,0.30351796407185627,-0.06737400530503995,False
TSLR,2024-12-18,2024-12,54.88,0.15598529646795586,-0.19241982507288632,False
GTN,2024-12-18,2024-12,3.2,0.2517162471395881,0.0031249999999999334,True
FATE,2024-12-19,2024-12,1.675,0.4763406940063092,-0.2417910447761194,False
BLMN,2024-12-19,2024-12,11.83,0.16350877192982458,-0.04564666103127649,False
ALHC,2024-12-19,2024-12,10.2,0.2001557632398754,0.42941176470588244,True
COLB,2024-12-19,2024-12,26.26,0.17525773195876287,0.08834729626808822,True
UFPI,2024-12-19,2024-12,112.43,0.18270752409725222,0.03851285244151915,True
GEL,2024-12-19,2024-12,9.92,0.17195325542570955,0.09072580645161293,True
NMRK,2024-12-19,2024-12,12.65,0.1889663918833228,0.05059288537549397,True
TWST,2024-12-19,2024-12,43.29,0.17229601518026574,0.09863709863709871,True
PRCT,2024-12-19,2024-12,79.41,0.1877325289089995,-0.04268983755194561,False
EBS,2024-12-19,2024-12,7.85,0.2035573122529643,0.25859872611464985,True
LEN.B,2024-12-19,2024-12,133.73,0.20468322833709734,0.013385179092200857,True
ARHS,2024-12-26,2024-12,9.37,0.16503992901508424,0.3180362860192103,True
MGOL,2024-12-26,2024-12,0.45,0.8154811715481172,-0.1844444444444445,False
OLMA,2024-12-30,2024-12,5.61,0.46315789473684205,0.07308377896613177,True
CUTR,2024-12-30,2024-12,0.35,0.20466498970958158,0.22800000000000012,True
SILJ,2024-12-30,2024-12,9.77,0.22327790973871736,0.07369498464687826,True
IEP,2024-12-30,2024-12,8.92,0.2023381294964029,0.10426008968609862,True
SGMO,2024-12-30,2024-12,1.07,0.1702127659574468,0.05607476635514003,True
RR,2025-01-02,2025-01,2.475,0.30945558739255014,0.0020202020202019773,True
MGPI,2025-01-02,2025-01,39.3,0.15976838944885272,-0.08066157760814237,False
VTYX,2025-01-02,2025-01,2.14,0.3141025641025641,-0.06074766355140202,False
CCS,2025-01-02,2025-01,73.34,0.17587028007710614,0.04145077720207243,True
MRSN,2025-01-02,2025-01,35.5,0.47761194029850745,-0.5711971830985916,False
BABX,2025-01-03,2025-01,16.7,0.15049299429164498,0.2748502994011976,True
NVDS,2025-01-03,2025-01,65.19,0.266839378238342,0.31109065807639213,True
ZAPP,2025-01-03,2025-01,1.41,0.20114942528735638,-0.30141843971631205,False
HIFS,2025-01-06,2025-01,248.0,0.1504501790675101,0.023467741935483843,True
SEMR,2025-01-07,2025-01,11.73,0.16513761467889906,0.48508098891730617,True
JELD,2025-01-07,2025-01,7.63,0.25815470643056854,0.12319790301441683,True
HCC,2025-01-10,2025-01,50.28,0.207822808671065,0.061853619729514704,True
AVDL,2025-01-10,2025-01,7.92,0.2857142857142857,0.1477272727272727,True
QTRX,2025-01-10,2025-01,9.2,0.22019867549668876,-0.1489130434782608,False
NUVL,2025-01-10,2025-01,76.48,0.1816045294306164,0.08969665271966526,True
DBRG,2025-01-10,2025-01,10.55,0.16126482213438742,0.0018957345971563576,True
VERA,2025-01-10,2025-01,35.0,0.2031855359448988,0.025142857142857217,True
EVLV,2025-01-10,2025-01,3.03,0.2313432835820895,0.316831683168317,True
NVRO,2025-01-10,2025-01,3.67,0.2366589327146171,0.5585831062670299,True
AKRO,2025-01-10,2025-01,24.54,0.18850049003593597,1.0843520782396088,True
BXC,2025-01-10,2025-01,94.4,0.22728003860382825,0.1042372881355931,True
MODV,2025-01-10,2025-01,6.47,0.6501333333333335,-0.1143740340030911,False
CRBU,2025-01-10,2025-01,1.7,0.18811881188118817,-0.22352941176470584,False
AAPU,2025-01-10,2025-01,32.58,0.19385058851789574,-0.06292203806015953,False
GERN,2025-01-10,2025-01,3.1,0.2035175879396985,-0.09032258064516137,False
ZNTL,2025-01-10,2025-01,2.69,0.21428571428571427,-0.23420074349442377,False
IMVT,2025-01-13,2025-01,23.0,0.18487997133643855,-0.15913043478260872,False
RDNT,2025-01-13,2025-01,67.15,0.15128728014274778,-0.07997021593447512,False
CRNX,2025-01-14,2025-01,37.01,0.3566913491060141,-0.048635503917859965,False
CLMT,2025-01-16,2025-01,18.08,0.2298558100084817,-0.08351769911504414,False
BULZ,2025-01-16,2025-01,16.905,0.20852389807508667,0.1656314699792959,True
ENSC,2025-01-21,2025-01,8.6,0.19839679358717438,-0.3476744186046511,False
CXAI,2025-01-21,2025-01,1.8,0.23178807947019872,-0.10555555555555553,False
NTLA,2025-01-21,2025-01,9.88,0.2234375000000001,0.24291497975708487,True
PRCT,2025-01-21,2025-01,69.54,0.2124872981822287,-0.03350589588725931,False
FOXO,2025-01-21,2025-01,5.419,0.2698995055032701,-0.21922863997047423,False
GOTU,2025-01-21,2025-01,1.93,0.18487394957983191,0.4041450777202073,True
OCEA,2025-01-24,2025-01,0.41,0.4338859684593611,-0.7073170731707317,False
DRIP,2025-01-24,2025-01,9.8,0.16407599309153717,0.06326530612244889,True
TSEM,2025-01-27,2025-01,46.39,0.1687979539641944,-0.07221383918948052,False
IE,2025-01-28,2025-01,6.17,0.2315394242803505,-0.011345218800648345,False
SCSC,2025-01-30,2025-01,43.16,0.1758900928792569,-0.15176088971269688,False
BYRN,2025-01-31,2025-01,25.77,0.15460372049398158,-0.0605355064027939,False
VSTS,2025-01-31,2025-01,14.02,0.15015197568389052,-0.17332382310984307,False
BZH,2025-02-03,2025-02,21.3,0.25341267063353173,0.015492957746478792,True
NSSC,2025-02-03,2025-02,26.0,0.27607526881720434,-0.08230769230769233,False
AAOI,2025-02-03,2025-02,24.0,0.31846965699208446,-0.24416666666666664,False
OMI,2025-02-03,2025-02,9.23,0.3875248838752488,0.05200433369447458,True
PINC,2025-02-04,2025-02,18.97,0.16913043478260872,-0.07959936742224555,False
ZSL,2025-02-04,2025-02,328.9,0.1666666666666667,-0.017634539373669673,False
GOVX,2025-02-04,2025-02,44.0,0.3409090909090909,-0.005681818181818182,False
CABO,2025-02-05,2025-02,288.1,0.19958442997645093,-0.04626865671641805,False
TAC,2025-02-05,2025-02,10.88,0.24515235457063708,-0.1378676470588235,False
MGNX,2025-02-10,2025-02,2.51,0.21362229102167182,-0.08764940239043816,False
TRML,2025-02-10,2025-02,13.76,0.28505392912172567,0.16424418604651161,True
EPC,2025-02-10,2025-02,28.68,0.16957026713124265,0.10634588563458859,True
REAL,2025-02-10,2025-02,7.95,0.1913393756294059,-0.31572327044025156,False
GLL,2025-02-10,2025-02,58.08,0.15199530516431925,-0.00137741046831953,False
PSFE,2025-02-11,2025-02,18.35,0.18451612903225803,-0.1711171662125341,False
BL,2025-02-12,2025-02,52.33,0.20879037172455817,-0.09306325243646088,False
TXG,2025-02-13,2025-02,12.01,0.2679337829552422,-0.13905079100749376,False
CMCO,2025-02-13,2025-02,20.5,0.45493219888327574,-0.1053658536585366,False
MYRG,2025-02-18,2025-02,131.61,0.1618890230725227,-0.038826836866499605,False
AMCX,2025-02-18,2025-02,8.31,0.20076849183477424,-0.1383874849578821,False
TROX,2025-02-18,2025-02,7.86,0.2266152362584378,-0.05597964376590336,False
NAIL,2025-02-18,2025-02,74.16,0.24201973302379567,-0.11138079827400205,False
NEO,2025-02-18,2025-02,12.21,0.18280632411067196,-0.1850941850941852,False
STOK,2025-02-19,2025-02,9.3,0.2700156985871271,-0.10430107526881727,False
PRG,2025-02-19,2025-02,30.62,0.3010285714285715,-0.11234487263226653,False
WEAV,2025-02-21,2025-02,14.31,0.18233944954128448,-0.16072676450034945,False
SVV,2025-02-21,2025-02,8.91,0.19876325088339222,-0.21548821548821548,False
ICFI,2025-02-24,2025-02,100.66,0.20019134178426223,-0.16441486191138482,False
RYTM,2025-02-25,2025-02,51.74,0.16371681415929207,0.04947816003092376,True
DBI,2025-02-26,2025-02,4.1,0.2241054613935969,-0.03414634146341456,False
HUMA,2025-02-26,2025-02,3.59,0.27330508474576265,-0.4401114206128134,False
SYRE,2025-02-26,2025-02,19.0,0.20368818105616093,-0.06894736842105256,False
AMRC,2025-02-26,2025-02,18.09,0.19354838709677416,-0.32006633499170806,False
CHGG,2025-02-26,2025-02,1.02,0.40462427745664736,-0.2807843137254902,False
ECVT,2025-02-27,2025-02,6.87,0.1769596199524941,-0.08296943231441052,False
XPEL,2025-02-27,2025-02,32.01,0.25587072773773534,-0.03530146829115898,False
DDS,2025-02-27,2025-02,402.0,0.21612909566208696,-0.10738805970149258,False
NVDY,2025-02-27,2025-02,17.21,0.1919704660821412,-0.09994189424753054,False
WPP,2025-02-27,2025-02,40.53,0.16135620915032678,-0.051813471502590705,False
VERB,2025-02-28,2025-02,4.71,0.24281150159744402,-0.008492569002123149,False
AAON,2025-03-03,2025-03,71.0,0.3612390303240942,0.11492957746478868,True
BTBT,2025-03-03,2025-03,2.165,0.2879256965944273,-0.011547344110854462,False
WGMI,2025-03-03,2025-03,15.78,0.2978723404255319,-0.13371356147021543,False
DYN,2025-03-03,2025-03,12.04,0.26491646778042965,-0.2333887043189368,False
RC,2025-03-03,2025-03,5.03,0.2683982683982683,0.02385685884691851,True
WVE,2025-03-03,2025-03,10.25,0.17892156862745093,-0.24487804878048777,False
NABL,2025-03-03,2025-03,7.17,0.3009708737864078,0.0027894002789400924,True
IPGP,2025-03-03,2025-03,57.53,0.1875348577802565,0.09699287328350423,True
INDI,2025-03-03,2025-03,2.66,0.35879629629629634,-0.25563909774436094,False
HZO,2025-03-03,2025-03,24.0,0.2138728323699422,-0.09791666666666672,False
FCEL,2025-03-03,2025-03,5.19,0.33207070707070707,-0.11560693641618507,False
UUUU,2025-03-03,2025-03,3.8,0.29759704251386326,-0.03421052631578945,False
CRC,2025-03-03,2025-03,39.32,0.18552685526855278,0.1523397761953205,True
RLAY,2025-03-03,2025-03,3.12,0.3319415448851774,-0.2083333333333333,False
XMTR,2025-03-03,2025-03,24.5,0.3421052631578948,0.02326530612244899,True
TEX,2025-03-04,2025-03,38.07,0.21546155449051893,0.05095876017861827,True
ENOV,2025-03-04,2025-03,36.83,0.22267034599872643,0.004072766766223149,True
ALGT,2025-03-04,2025-03,63.86,0.36550297649076785,-0.1316943313498277,False
CTRI,2025-03-05,2025-03,16.23,0.26501766784452296,0.0012322858903265294,True
LGIH,2025-03-05,2025-03,72.24,0.1775584297708192,-0.1531007751937984,False
CBRL,2025-03-06,2025-03,43.24,0.27742580860286753,-0.13945420906567996,False
BTSG,2025-03-07,2025-03,17.01,0.21508756174225413,0.015873015873015848,True
ASTH,2025-03-07,2025-03,28.87,0.2505102040816327,0.01454797367509519,True
HPK,2025-03-07,2025-03,12.05,0.1985244802146211,-0.26141078838174275,False
BNED,2025-03-10,2025-03,9.0,0.23172905525846713,-0.07555555555555553,False
DXPE,2025-03-10,2025-03,76.23,0.25879737045630313,-0.05811360356814911,False
ETNB,2025-03-11,2025-03,7.785,0.33274336283185846,-0.28837508028259473,False
SEAT,2025-03-11,2025-03,57.4,0.1565995525727069,-0.027874564459930338,False
SPCE,2025-03-11,2025-03,3.09,0.337719298245614,-0.1423948220064725,False
ESPR,2025-03-11,2025-03,1.57,0.1842105263157894,-0.33121019108280253,False
AAPU,2025-03-11,2025-03,28.15,0.20927633417155625,-0.23694493783303724,False
QNST,2025-03-11,2025-03,17.65,0.2506471095772217,-0.095184135977337,False
DXC,2025-03-12,2025-03,17.0,0.199343339587242,-0.16176470588235295,False
ZYME,2025-03-12,2025-03,12.28,0.18187874750166558,-0.23127035830618892,False
APPN,2025-03-12,2025-03,30.12,0.18184260005372002,-0.09528552456839312,False
ALT,2025-03-13,2025-03,5.39,0.23303834808259588,-0.18181818181818174,False
AEVA,2025-03-19,2025-03,3.2,0.23587223587223596,1.278125,True
SAVA,2025-03-25,2025-03,1.89,0.33098591549295775,-0.12169312169312169,False
CAN,2025-03-25,2025-03,1.08,0.2058823529411765,-0.2662037037037038,False
MLKN,2025-03-25,2025-03,18.67,0.16472172351885106,-0.14086770219603656,False
OCEA,2025-03-25,2025-03,0.0787,0.4376237623762376,-0.7395171537484116,False
ULCC,2025-03-27,2025-03,5.05,0.29027777777777775,-0.3603960396039604,False
KULR,2025-03-27,2025-03,13.8,0.17045454545454547,-0.21739130434782608,False
EAF,2025-03-27,2025-03,10.0,0.15254237288135597,-0.29569999999999996,False
HUMA,2025-03-27,2025-03,2.12,0.40882352941176475,-0.3207547169811321,False
DUO,2025-03-27,2025-03,5.28,0.38170897112962604,-0.24212121212121218,False
RVSN,2025-03-31,2025-03,12.81,0.15242598442190342,-0.12154566744730681,False
APDN,2025-03-31,2025-03,1.67,0.7741496598639456,-0.4610778443113772,False
VTYX,2025-04-01,2025-04,1.09,0.30967741935483867,0.2201834862385321,True
SGML,2025-04-01,2025-04,10.05,0.16830466830466842,-0.20000000000000015,False
WVE,2025-04-01,2025-04,7.56,0.2839962997224792,0.021164021164021184,True
TIVC,2025-04-02,2025-04,4.84,0.252633031320425,-0.07231404958677679,False
RXO,2025-04-03,2025-04,14.96,0.20393740535083288,-0.013368983957219322,False
OCUL,2025-04-03,2025-04,6.88,0.17743830787309045,0.2790697674418606,True
ERX,2025-04-03,2025-04,52.16,0.15559255335250485,-0.07400306748466257,False
OMF,2025-04-03,2025-04,42.65,0.15377340646869672,0.15709261430246196,True
EOLS,2025-04-03,2025-04,10.88,0.1618837380426784,0.11029411764705875,True
LGIH,2025-04-03,2025-04,59.35,0.18643617021276598,-0.07177759056444816,False
JDST,2025-04-03,2025-04,347.8,0.24149034038638453,-0.19091431857389313,False
MAXN,2025-04-03,2025-04,2.8,0.3197115384615385,0.025000000000000102,True
NRGU,2025-04-03,2025-04,16.0,0.9660424227424178,-0.12851875000000001,False
FUN,2025-04-03,2025-04,30.59,0.17746913580246917,0.17031709709055237,True
TALO,2025-04-03,2025-04,7.76,0.1563786008230454,-0.05670103092783499,False
CSTM,2025-04-03,2025-04,8.63,0.2550937245313773,0.2908458864426419,True
GUSH,2025-04-03,2025-04,19.87,0.2138478182473855,-0.03220936084549575,False
HBI,2025-04-03,2025-04,4.7,0.1881188118811881,0.012765957446808427,True
GOLF,2025-04-03,2025-04,57.62,0.15692656006792136,0.15463380770565782,True
COMM,2025-04-03,2025-04,3.89,0.3015332197614992,0.22365038560411302,True
TPC,2025-04-04,2025-04,18.94,0.20723172628304815,0.2016895459345301,True
DNN,2025-04-04,2025-04,1.1,0.22222222222222227,0.28181818181818163,True
FIP,2025-04-04,2025-04,3.59,0.3041044776119403,0.22562674094707535,True
DRN,2025-04-04,2025-04,7.81,0.21714285714285708,0.27016645326504485,True
FWRD,2025-04-04,2025-04,12.47,0.39539170506912447,0.3985565356856456,True
WWW,2025-04-04,2025-04,11.3,0.19315068493150686,0.25840707964601767,True
GDXU,2025-04-04,2025-04,40.0,0.28731593038821945,0.60975,True
CMP,2025-04-04,2025-04,9.0,0.2162393162393162,0.5111111111111111,True
AIR,2025-04-04,2025-04,48.36,0.2842646848649421,0.1794871794871795,True
KORU,2025-04-04,2025-04,30.27,0.315600591091408,0.508424182358771,True
LEU,2025-04-04,2025-04,50.75,0.2919214257837909,0.41201970443349745,True
SOC,2025-04-04,2025-04,17.59,0.29992406985573267,0.12450255827174539,True
NEXT,2025-04-04,2025-04,5.51,0.3976670201484624,0.3430127041742288,True
CRK,2025-04-04,2025-04,16.37,0.20297951582867782,0.297495418448381,True
STRL,2025-04-04,2025-04,100.07,0.21642403882045538,0.6654341960627561,True
WDS,2025-04-07,2025-04,12.2,0.2260228034875923,0.058196721311475484,True
DOMO,2025-04-07,2025-04,7.55,0.1995540691192866,-0.003973509933774867,False
HPK,2025-04-07,2025-04,9.36,0.3138010794140324,-0.1346153846153846,False
NXRT,2025-04-08,2025-04,31.8,0.2023107177974434,0.1817610062893081,True
BKD,2025-04-08,2025-04,5.02,0.18051118210862618,0.31673306772908383,True
AGM,2025-04-08,2025-04,162.71,0.1524512063931152,0.0727675004609428,True
RITM,2025-04-08,2025-04,9.63,0.17075232459847842,0.17030114226375895,True
AGIO,2025-04-08,2025-04,24.04,0.2500764292265362,0.17387687188019965,True
SVC,2025-04-08,2025-04,1.79,0.38461538461538464,0.12290502793296075,True
KWR,2025-04-08,2025-04,96.17,0.2630143214366901,0.03878548403868154,True
VCEL,2025-04-08,2025-04,38.09,0.195162635529608,0.06248359149383027,True
BLMN,2025-04-08,2025-04,6.2,0.32177681473456127,0.1709677419354838,True
OMH,2025-04-08,2025-04,1.86,0.4770663683430029,0.6236559139784945,True
MFG,2025-04-08,2025-04,4.33,0.27483443708609273,0.13394919168591227,True
SAN,2025-04-08,2025-04,5.88,0.19327731092436976,0.21938775510204084,True
SMFG,2025-04-08,2025-04,12.2,0.26734449760765544,0.1491803278688525,True
CGXU,2025-04-08,2025-04,21.39,0.17665130568356366,0.17999064983637203,True
POWI,2025-04-08,2025-04,42.25,0.27009702009702,0.19124260355029582,True
IART,2025-04-08,2025-04,17.64,0.2184256055363322,-0.27834467120181405,False
PAGP,2025-04-09,2025-04,17.82,0.15636531365313655,0.023569023569023465,True
ERY,2025-04-09,2025-04,26.32,0.1527777777777777,-0.0471124620060791,False
JANX,2025-04-09,2025-04,25.54,0.15469439193446757,0.03249804228660931,True
LAZ,2025-04-09,2025-04,37.33,0.18334395581049506,0.1518885614787035,True
LOVE,2025-04-09,2025-04,18.32,0.1517571884984026,0.14137554585152837,True
AAPU,2025-04-09,2025-04,19.49,0.24921356169171616,0.06977937403796834,True
ESPR,2025-04-09,2025-04,1.02,0.396551724137931,-0.12470588235294115,False
HELE,2025-04-09,2025-04,39.41,0.2606363300036996,-0.3214920071047957,False
TWO,2025-04-09,2025-04,11.29,0.17808219178082185,0.05048715677590791,True
ACDC,2025-04-09,2025-04,5.05,0.36374549819927976,-0.21287128712871284,False
PIPR,2025-04-10,2025-04,55.2875,0.16887946744021717,0.13714673298666055,True
SDGR,2025-04-10,2025-04,20.485,0.19005478297513703,0.16719550890895782,True
BBAR,2025-04-10,2025-04,16.19,0.19296482412060303,0.26003705991352666,True
VREX,2025-04-10,2025-04,7.66,0.40552995391705066,-0.10182767624020891,False
MEOH,2025-04-10,2025-04,26.78,0.31419624217118997,0.21135175504107528,True
JKS,2025-04-11,2025-04,15.28,0.39309764309764317,0.2696335078534031,True
OM,2025-04-11,2025-04,10.75,0.19236883942766295,0.5153488372093022,True
PNFP,2025-04-11,2025-04,89.8,0.18286595879843898,0.23507795100222717,True
CMCO,2025-04-14,2025-04,13.35,0.28221512247071356,0.3655430711610488,True
TSHA,2025-04-21,2025-04,1.47,0.24870466321243523,0.9931972789115647,True
AOSL,2025-04-21,2025-04,16.7,0.4158878504672897,0.3479041916167666,True
SMLR,2025-04-21,2025-04,30.41,0.30433768656716426,0.37717855968431446,True
SFBS,2025-04-21,2025-04,67.0,0.17663783911858782,0.14029850746268666,True
VAC,2025-04-22,2025-04,55.75,0.2090353362158938,0.1926457399103138,True
CBZ,2025-04-24,2025-04,65.6,0.16599698643897537,0.09649390243902459,True
ARCB,2025-04-28,2025-04,59.57,0.1885212137855279,0.07772368641933863,True
HLMN,2025-04-28,2025-04,7.86,0.15795328142380421,-0.03562340966921122,False
WGS,2025-04-30,2025-04,71.36,0.4284859365649312,-0.019338565022421463,False
PRTA,2025-04-30,2025-04,9.21,0.24217462932454706,-0.489685124864278,False
MYGN,2025-04-30,2025-04,7.44,0.15795454545454551,-0.44086021505376344,False
LANC,2025-04-30,2025-04,163.62,0.15614307931570764,0.013690257914680412,True
BIVI,2025-05-01,2025-05,9.06,0.26949152542372895,0.14790286975717437,True
COKE,2025-05-01,2025-05,120.5,0.15745056497175133,-0.048547717842323604,False
ARVN,2025-05-01,2025-05,7.29,0.24844074844074834,-0.01234567901234566,False
LMAT,2025-05-02,2025-05,78.83,0.15010799136069106,0.019916275529620796,True
TREE,2025-05-02,2025-05,42.52,0.2014042867701404,-0.18414863593603023,False
CRTO,2025-05-02,2025-05,29.3,0.15558739255014326,-0.13651877133105803,False
CAPR,2025-05-05,2025-05,10.3,0.2584593232541397,0.08252427184466016,True
PTCT,2025-05-05,2025-05,40.01,0.18618618618618626,0.2669332666833292,True
UMAC,2025-05-05,2025-05,5.1,0.27351664254703334,0.29019607843137263,True
USM,2025-05-05,2025-05,58.19,0.15279593318809,0.07441141089534294,True
CABO,2025-05-05,2025-05,173.5,0.3558667842964271,-0.16680115273775215,False
JELD,2025-05-06,2025-05,4.25,0.27209705372616977,-0.09882352941176469,False
DYN,2025-05-06,2025-05,10.1,0.164303586321935,0.3277227722772278,True
XNCR,2025-05-06,2025-05,8.56,0.24866785079928944,0.0630841121495326,True
CYCN,2025-05-06,2025-05,2.995,0.18648648648648658,0.04507512520868106,True
MBC,2025-05-07,2025-05,10.27,0.19215372297838273,0.005842259006816017,True
BLMN,2025-05-07,2025-05,7.18,0.15087719298245625,0.034818941504178275,True
CDIO,2025-05-08,2025-05,6.39,0.5914598961338718,-0.2543035993740219,False
DNUT,2025-05-08,2025-05,3.27,0.2723214285714287,-0.10703363914373092,False
QNST,2025-05-08,2025-05,15.73,0.1751054852320675,0.02097902097902087,True
ESPR,2025-05-08,2025-05,0.9051,0.18091743119266057,0.34791735719809963,True
PHAT,2025-05-08,2025-05,2.33,0.5307377049180327,2.8283261802575104,True
ZIP,2025-05-09,2025-05,4.5,0.23642732049036772,0.41555555555555557,True
REAL,2025-05-09,2025-05,5.45,0.30727023319615915,0.12293577981651374,True
VREX,2025-05-09,2025-05,7.21,0.21010332950631466,0.18169209431345348,True
ENR,2025-05-09,2025-05,22.18,0.20822622107969158,0.007213706041478816,True
B,2025-05-09,2025-05,18.63,0.5901432181971356,0.09017713365539451,True
MODG,2025-05-13,2025-05,6.55,0.17088607594936714,0.19236641221374043,True
PSFE,2025-05-13,2025-05,13.86,0.15138461538461545,-0.07215007215007216,False
WBTN,2025-05-14,2025-05,8.35,0.18274111675126894,0.03592814371257494,True
SBIT,2025-05-20,2025-05,36.1,0.2481520591341077,0.03157894736842107,True
ENS,2025-05-22,2025-05,80.2,0.19043824701195222,0.03740648379052369,True
LPG,2025-05-22,2025-05,20.09,0.15126050420168072,0.27227476356396213,True
LGVN,2025-05-27,2025-05,1.35,0.2023809523809523,-0.05925925925925931,False
EXPI,2025-05-28,2025-05,8.3,0.17526881720430115,0.11566265060240952,True
APDN,2025-05-28,2025-05,0.4,0.4317582417582418,10.287499999999998,True
TNGX,2025-05-28,2025-05,1.94,0.15283842794759828,1.5360824742268042,True
VVPR,2025-05-29,2025-05,5.495,0.3773861967694566,-0.34667879890809833,False
IRWD,2025-05-29,2025-05,0.6211,0.32264292609675005,0.17678312671067462,True
HPP,2025-05-29,2025-05,13.79,0.16455696202531647,0.37055837563451777,True
AMBA,2025-05-30,2025-05,52.6,0.18095534463980079,0.25598859315589345,True
TWST,2025-05-30,2025-05,29.39,0.25331294597349646,0.25178632187818983,True
JDST,2025-06-02,2025-06,195.0,0.31506849315068486,0.006153846153846096,True
GIII,2025-06-06,2025-06,22.76,0.22619456858026807,0.03427065026362028,True
ZSL,2025-06-06,2025-06,251.9,0.20712968653964345,-0.010718539102818647,False
CVGW,2025-06-10,2025-06,23.2,0.16257225433526012,0.1495689655172415,True
TLRY,2025-06-10,2025-06,4.203,0.15212121212121213,0.6062336426362122,True
INDO,2025-06-16,2025-06,4.21,0.22972972972972966,-0.330166270783848,False
FSLY,2025-06-17,2025-06,6.61,0.19927536231884052,0.031770045385779114,True
GOVX,2025-06-17,2025-06,26.25,0.3181818181818182,-0.30047619047619045,False
NKTR,2025-06-20,2025-06,8.36,0.28762765779340366,1.9653110047846891,True
DAVA,2025-06-20,2025-06,13.85,0.17827626918536016,-0.028880866425992805,False
UPWK,2025-06-20,2025-06,13.14,0.18988902589395798,0.018264840182648418,True
SAM,2025-06-20,2025-06,195.1,0.15897805882103302,-0.004459251665812427,False
SWBI,2025-06-20,2025-06,8.75,0.19806985294117657,-0.09828571428571432,False
PX,2025-06-20,2025-06,8.89,0.2245430809399478,0.30371203599550045,True
TSLR,2025-06-20,2025-06,20.33,0.2483760030569354,-0.027545499262174065,False
LFST,2025-06-20,2025-06,4.81,0.2029702970297029,-0.133056133056133,False
XPOF,2025-06-20,2025-06,7.78,0.1841004184100419,0.3856041131105397,True
BCYC,2025-06-25,2025-06,7.13,0.1894977168949772,0.20617110799438987,True
ALT,2025-06-26,2025-06,3.64,0.5317769130998703,0.12087912087912087,True
LESL,2025-06-26,2025-06,9.8,0.38003018108651915,0.21551020408163266,True
SOC,2025-06-26,2025-06,22.1,0.23612063056888283,0.2959276018099547,True
SMMT,2025-06-26,2025-06,21.25,0.18657001144601298,0.34917647058823537,True
BTBT,2025-06-27,2025-06,2.09,0.25278810408921937,0.4354066985645934,True
BMA,2025-06-27,2025-06,71.6,0.15288131582061296,-0.022067039106145228,False
GV,2025-06-30,2025-06,1.59,0.25700934579439255,-0.11949685534591205,False
